fbs_item,fdc_id,note,protein_g100,kcal100,iron_mg100,zinc_mg100,description
Wheat and products,168890,Wheat hard red winter grain (whole grain; refined flour has less Zn/Fe -> upper bound),12.61,327.0,3.19,2.65,"Wheat, hard red winter"
Rice and products,169756,Rice white long-grain raw unenriched (FBS rice is milled equivalent),7.13,365.0,0.8,1.09,"Rice, white, long-grain, regular, raw, unenriched"
Maize and products,170288,Corn grain yellow,9.42,365.0,2.71,2.21,"Corn grain, yellow"
Soyabeans,174270,Soybeans mature seeds raw,36.49,446.0,15.7,4.89,"Soybeans, mature seeds, raw"
Soyabean Oil,171411,Oil soybean salad or cooking,0.0,884.0,0.05,0.01,"Oil, soybean, salad or cooking"
Barley and products,170283,Barley hulled,12.48,354.0,3.6,2.77,"Barley, hulled"
Millet and products,169702,Millet raw,11.02,378.0,3.01,1.68,"Millet, raw"
Sorghum and products,169716,Sorghum grain,10.62,329.0,3.36,1.67,Sorghum grain
Oats,169705,Oats,16.89,389.0,4.72,3.97,Oats (Includes foods for USDA's Food Distribution Program)
Rye and products,168884,Rye grain,10.34,338.0,2.63,2.65,Rye grain
"Cereals, other",170286,Buckwheat (representative minor cereal),13.25,343.0,2.2,2.4,Buckwheat
Cassava and products,169985,Cassava raw,1.36,160.0,0.27,0.34,"Cassava, raw"
Potatoes and products,170026,Potatoes flesh and skin raw,2.05,77.0,0.81,0.3,"Potatoes, flesh and skin, raw"
Sweet potatoes,168482,Sweet potato raw,1.57,86.0,0.61,0.3,"Sweet potato, raw, unprepared (Includes foods for USDA's Food Distribution Program)"
Yams,170071,Yam raw,1.53,118.0,0.54,0.24,"Yam, raw"
"Roots, Other",169308,Taro raw,1.5,112.0,0.55,0.23,"Taro, raw"
Beans,175193,Beans kidney mature seeds raw,23.58,333.0,8.2,2.79,"Beans, kidney, all types, mature seeds, raw"
Peas,172428,Peas green split mature seeds raw,23.12,364.0,4.73,3.49,"Peas, green, split, mature seeds, raw"
"Pulses, Other and products",172420,Lentils raw,24.63,352.0,6.51,3.27,"Lentils, raw"
Groundnuts,172430,Peanuts all types raw,25.8,567.0,4.58,3.27,"Peanuts, all types, raw"
Sunflower seed,170562,Sunflower seed kernels dried,20.78,584.0,5.25,5.0,"Seeds, sunflower seed kernels, dried"
Sesame seed,170150,Sesame seeds whole dried,17.73,573.0,14.55,7.75,"Seeds, sesame seeds, whole, dried"
Rape and Mustardseed,170929,Mustard seed ground,26.08,508.0,9.21,6.08,"Spices, mustard seed, ground"
Cottonseed,170596,Cottonseed kernels roasted (glandless),32.59,506.0,5.4,6.0,"Seeds, cottonseed kernels, roasted (glandless)"
Coconuts - Incl Copra,170169,Coconut meat raw,3.33,354.0,2.43,1.1,"Nuts, coconut meat, raw"
Palm kernels,0,no USDA analogue; food use negligible,,,0.0,0.0,
Olives (including preserved),169094,Olives ripe canned,0.84,116.0,6.28,0.22,"Olives, ripe, canned (small-extra large)"
"Oilcrops, Other",169414,Flaxseed (representative minor oilseed),18.29,534.0,5.73,4.34,"Seeds, flaxseed"
Groundnut Oil,171410,Oil peanut,0.0,884.0,0.03,0.01,"Oil, peanut, salad or cooking"
Sunflowerseed Oil,171017,Oil sunflower,0.0,884.0,0.03,0.0,"Oil, sunflower, linoleic (less than 60%)"
Rape and Mustard Oil,172336,Oil canola,0.0,884.0,0.0,0.0,"Oil, canola"
Cottonseed Oil,171024,Oil cottonseed,0.0,884.0,0.0,0.0,"Oil, cottonseed, salad or cooking"
Palm Oil,171015,Oil palm,0.0,884.0,0.01,0.0,"Oil, palm"
Palmkernel Oil,171412,Oil coconut (palm-kernel oil not in SR Legacy; both lauric oils with ~0 Zn/Fe),0.0,892.0,0.05,0.02,"Oil, coconut"
Coconut Oil,171412,Oil coconut,0.0,892.0,0.05,0.02,"Oil, coconut"
Sesameseed Oil,171016,Oil sesame,0.0,884.0,0.0,0.0,"Oil, sesame, salad or cooking"
Olive Oil,171413,Oil olive,0.0,884.0,0.56,0.0,"Oil, olive, salad or cooking"
Maize Germ Oil,171029,Oil corn,0.0,900.0,0.0,0.0,"Oil, corn, industrial and retail, all purpose salad or cooking"
Ricebran Oil,171013,Oil rice bran,0.0,884.0,0.07,0.0,"Oil, rice bran"
"Oilcrops Oil, Other",172337,Oil mustard,0.0,884.0,0.0,0.0,"Oil, mustard"
Sugar (Raw Equivalent),170674,Sugar turbinado (raw),0.0,399.0,0.37,0.03,"Sugar, turbinado"
Sugar non-centrifugal,168833,Sugars brown,0.12,380.0,0.71,0.03,"Sugars, brown"
"Sweeteners, Other",169659,Syrups corn high-fructose,0.0,281.0,0.03,0.02,"Syrups, corn, high-fructose"
Honey,169640,Honey,0.3,304.0,0.42,0.22,Honey
Sugar cane,0,no USDA analogue; food use negligible,,,0.0,0.0,
Sugar beet,169145,Beets raw,1.61,43.0,0.8,0.35,"Beets, raw"
Tomatoes and products,170457,Tomatoes red ripe raw,0.88,18.0,0.27,0.17,"Tomatoes, red, ripe, raw, year round average"
Onions,170000,Onions raw,1.1,40.0,0.21,0.17,"Onions, raw"
"Vegetables, other",170471,Vegetables mixed frozen unprepared,3.33,72.0,0.95,0.45,"Vegetables, mixed, frozen, unprepared"
"Oranges, Mandarines",169097,Oranges raw all commercial varieties,0.94,47.0,0.1,0.07,"Oranges, raw, all commercial varieties"
"Lemons, Limes and products",167746,Lemons raw without peel,1.1,29.0,0.6,0.06,"Lemons, raw, without peel"
Grapefruit and products,173033,Grapefruit raw,0.63,32.0,0.09,0.07,"Grapefruit, raw, pink and red and white, all areas"
"Citrus, Other",169097,Oranges raw (representative),0.94,47.0,0.1,0.07,"Oranges, raw, all commercial varieties"
Bananas,173944,Bananas raw,1.09,89.0,0.26,0.15,"Bananas, raw"
Plantains,168215,Plantains green raw,1.25,152.0,0.75,0.18,"Plantains, green, raw"
Apples and products,171688,Apples raw with skin,0.26,52.0,0.12,0.04,"Apples, raw, with skin (Includes foods for USDA's Food Distribution Program)"
Pineapples and products,169124,Pineapple raw all varieties,0.54,50.0,0.29,0.12,"Pineapple, raw, all varieties"
Dates,171726,Dates deglet noor,2.45,282.0,1.02,0.29,"Dates, deglet noor"
Grapes and products (excl wine),174683,Grapes red or green raw,0.72,69.0,0.36,0.07,"Grapes, red or green (European type, such as Thompson seedless), raw"
"Fruits, other",174667,Fruit cocktail water pack (representative mixed fruit),0.42,32.0,0.25,0.09,"Fruit cocktail, (peach and pineapple and pear and grape and cherry), canned, water pack, solids and liquids"
Coffee and products,171890,Coffee brewed,0.12,1.0,0.01,0.02,"Beverages, coffee, brewed, prepared with tap water"
Cocoa Beans and products,169593,Cocoa dry powder unsweetened,19.6,228.0,13.86,6.81,"Cocoa, dry powder, unsweetened"
Tea (including mate),173227,Tea black brewed,0.0,1.0,0.02,0.02,"Beverages, tea, black, brewed, prepared with tap water"
Pepper,170931,Pepper black,10.39,251.0,9.71,1.19,"Spices, pepper, black"
Pimento,170932,Pepper red or cayenne,12.01,318.0,7.8,2.48,"Spices, pepper, red or cayenne"
Cloves,171321,Cloves ground,5.97,274.0,11.83,2.32,"Spices, cloves, ground"
"Spices, Other",170924,Curry powder,14.29,325.0,19.1,4.7,"Spices, curry powder"
Wine,173185,Wine table all,0.07,83.0,0.37,0.13,"Alcoholic beverage, wine, table, all"
Beer,168746,Beer regular all,0.46,43.0,0.02,0.01,"Alcoholic beverage, beer, regular, all"
"Beverages, Fermented",168746,Beer regular (representative),0.46,43.0,0.02,0.01,"Alcoholic beverage, beer, regular, all"
"Beverages, Alcoholic",171919,Distilled spirits 86 proof,0.0,250.0,0.04,0.04,"Alcoholic beverage, distilled, all (gin, rum, vodka, whiskey) 86 proof"
Bovine Meat,169430,Beef carcass separable lean and fat raw,17.32,291.0,1.83,3.57,"Beef, carcass, separable lean and fat, choice, raw"
Mutton & Goat Meat,175303,Goat raw,20.6,109.0,2.83,4.0,"Game meat, goat, raw"
Pigmeat,168219,Pork fresh carcass separable lean and fat raw,13.91,376.0,0.69,1.59,"Pork, fresh, carcass, separable lean and fat, raw"
Poultry Meat,171447,Chicken broilers meat and skin raw,18.6,215.0,0.9,1.31,"Chicken, broilers or fryers, meat and skin, raw"
"Meat, Other",172521,Rabbit domesticated raw,20.05,136.0,1.57,1.57,"Game meat, rabbit, domesticated, composite of cuts, raw"
"Offals, Edible",169451,Beef liver raw,20.36,135.0,4.9,4.0,"Beef, variety meats and by-products, liver, raw"
"Fats, Animals, Raw",171401,Lard,0.0,902.0,0.0,0.11,Lard
"Butter, Ghee",173410,Butter salted,0.85,717.0,0.02,0.09,"Butter, salted"
Cream,170859,Cream fluid heavy whipping,2.84,340.0,0.1,0.24,"Cream, fluid, heavy whipping"
Milk - Excluding Butter,172217,Milk whole 3.25% fat,3.15,61.0,0.03,0.37,"Milk, whole, 3.25% milkfat, without added vitamin A and vitamin D"
Eggs,171287,Egg whole raw fresh,12.56,143.0,1.75,1.29,"Egg, whole, raw, fresh"
Freshwater Fish,171952,Carp raw,17.83,127.0,1.24,1.48,"Fish, carp, raw"
Demersal Fish,171955,Cod Atlantic raw,17.81,82.0,0.38,0.45,"Fish, cod, Atlantic, raw"
Pelagic Fish,175119,Mackerel Atlantic raw,18.6,205.0,1.63,0.63,"Fish, mackerel, Atlantic, raw"
"Marine Fish, Other",175156,Tuna skipjack raw,22.0,103.0,1.25,0.82,"Fish, tuna, fresh, skipjack, raw"
Crustaceans,174210,Shrimp mixed species raw,13.61,71.0,0.21,0.97,"Crustaceans, shrimp, mixed species, raw (may contain additives to retain moisture)"
Cephalopods,174223,Squid mixed species raw,15.58,92.0,0.68,1.53,"Mollusks, squid, mixed species, raw"
"Molluscs, Other",174216,Mussel blue raw,11.9,86.0,3.95,1.6,"Mollusks, mussel, blue, raw"
"Aquatic Animals, Others",174204,Crab blue raw (representative),18.06,87.0,0.74,3.54,"Crustaceans, crab, blue, raw"
Aquatic Plants,168457,Seaweed kelp raw,1.68,43.0,2.85,1.23,"Seaweed, kelp, raw"
"Fish, Body Oil",172341,Fish oil menhaden,0.0,902.0,0.0,0.0,"Fish oil, menhaden"
"Fish, Liver Oil",173577,Fish oil cod liver,0.0,902.0,0.0,0.0,"Fish oil, cod liver"
Nuts and products,170187,Walnuts english (representative tree nut),15.23,654.0,2.91,3.09,"Nuts, walnuts, english"
Infant food,170964,Babyfood cereal mixed dry fortified,6.66,399.0,30.0,10.66,"Babyfood, cereal, mixed, dry fortified"
Miscellaneous,0,unspecified; no composition,,,0.0,0.0,
Rice (Milled Equivalent),169756,old-FBS (1961-2013) name of Rice and products,7.13,365.0,0.8,1.09,"Rice, white, long-grain, regular, raw, unenriched"
Groundnuts (Shelled Eq),172430,old-FBS name of Groundnuts,25.8,567.0,4.58,3.27,"Peanuts, all types, raw"
"Cereals, Other",170286,old-FBS spelling of Cereals other,13.25,343.0,2.2,2.4,Buckwheat
"Meat, Aquatic Mammals",0,no USDA analogue; negligible supply,,,0.0,0.0,
"Alcohol, Non-Food",0,non-food alcohol (no nutrient),,,0.0,0.0,
