crop,m49,area_ha,rainfed_share,snr_heat_mean,snr_water_mean,share_area_warming_sig,kc_season
rice,4,201826.30014943331,0.005352127093506207,1.2233377858242804,-0.0008333738461581207,0.8670396277902268,1.11
rice,8,2.100000023841858,0.0,1.9314574623281457,0.0,1.0,1.11
rice,12,213.10000335425138,1.0,1.251435501683746,0.2595643286621812,0.9995307367437067,1.11
rice,24,24730.70001666993,1.0,0.4203045491132381,-0.18113899202099315,0.020169263339705073,1.11
rice,31,1801.9000069499016,0.0,1.5690430178726174,0.0,1.0,1.11
rice,32,234447.39993317425,0.2550081608167095,0.7494169165379909,0.013858027213890933,0.031876233243822535,1.11
rice,36,34098.50001658499,0.016760268104817115,0.883804450595088,0.0026786804052701422,0.07228470486594318,1.11
rice,50,11061035.190673798,0.5203394706219764,0.8739644161124844,0.1216591387072473,0.33924171974266054,1.11
rice,51,0.4000000059604645,0.0,1.0884818666371934,0.0,1.0,1.11
rice,64,46957.59991277754,0.46841617994770246,1.2117003400826576,0.32908755418992985,0.8960530341385019,1.11
rice,68,184036.7000049278,0.9131086350316093,-0.020164860112180643,0.19661990311634092,0.022177098327578106,1.11
rice,76,2747887.0995387062,0.6514312031131433,1.078378714560337,0.06244471529300029,0.5909433468529692,1.11
rice,84,3821.9999910593033,1.0,2.3452380846034417,0.2214846436905777,1.0,1.11
rice,90,981.6000019311905,1.0,-0.30709241464347,-0.061837578821666274,0.0,1.11
rice,96,2477.6999917030334,0.4649473276526064,1.5031081684228824,-0.10368952951961947,1.0,1.11
rice,100,10897.599966228008,0.05149757763409173,1.9498859495072622,0.0029604391266130495,1.0,1.11
rice,104,7582825.299214862,0.8318362552262607,0.7810838816013859,-0.4403336238207751,0.3216114709838447,1.11
rice,108,36305.70006103814,0.11018655593050962,0.5667237178259141,-0.02383453492035094,0.0,1.11
rice,112,3.0000000447034836,1.0,1.4630296115602712,0.4282679300104219,1.0,1.11
rice,116,2821816.3000666574,0.8228582423116606,1.2260768015470311,-0.14736390573116934,0.974248996998334,1.11
rice,120,97328.20090153068,0.47952391552616225,0.685970783114848,-0.2041918615781864,0.158729946060421,1.11
rice,140,22793.300016008317,0.7271303400519643,1.369922312424673,-0.10069814722607864,0.8822197750161478,1.11
rice,144,1005262.4005941823,0.17270505663092842,1.1174048807904284,-0.06396247174150564,0.850727928983267,1.11
rice,148,140577.90044865757,0.7957324710123733,0.5027421982688552,-0.28203471309570594,0.06292596465837397,1.11
rice,152,24220.29996495694,0.1613563831184313,1.2392667212325572,0.049543275910105836,0.9354343253450911,1.11
rice,156,29712515.80918184,0.00857571608434045,0.7728304964420695,0.0010624760922447632,0.12111508577355705,1.11
rice,158,243030.59863311052,0.0,1.3968557147219813,0.0,0.9349851415478001,1.11
rice,170,504781.801943779,0.47111385514883475,0.8671960688078372,-0.14641323979828688,0.3944341897097148,1.11
rice,178,2324.4999915361404,1.0,0.9567025771153094,-0.1452015228772005,0.2687889862793402,1.11
rice,180,407014.5999457836,0.9603223079595755,0.6806680695684304,-0.023239965909843167,0.3584583943935952,1.11
rice,188,67294.20026294887,0.0062694854682399884,0.9543460041441125,0.003772024872456144,0.4936710735365511,1.11
rice,192,196067.90004573762,0.5635976107923371,1.7700977122737982,-0.3411374605743237,0.9953439599184553,1.11
rice,204,45498.100006863475,0.6060714628637024,0.9803405558909397,-0.08921223382038924,0.41315351492149655,1.11
rice,214,177724.79983811826,0.0,0.7363313589154505,0.0,0.18920825953940473,1.11
rice,218,370504.5992651284,0.5985124081942146,-0.007324285976945918,-0.022608173674640703,0.0,1.11
rice,222,5162.099975191057,0.49907982794637407,1.6238585989262537,0.052671291824059906,1.0,1.11
rice,231,36040.199981197715,0.9926165799351987,0.9013646819266261,-0.15369043340274025,0.31545329931669713,1.11
rice,232,27.799999743700027,1.0,0.7913157026441969,-0.3309805769731355,0.0,1.11
rice,242,2779.699999332428,1.0,0.9691904799382387,-0.4864366535418848,0.2662877306023682,1.11
rice,250,24123.49996959418,0.9999792733226676,1.2266988016869291,0.598579095679771,0.9369411564764565,1.11
rice,266,571.2000052779913,0.019607842830855045,0.936922234273451,0.0002093143399320971,0.017682072681398583,1.11
rice,270,62314.40009404719,0.9688771773219825,1.0270852940839696,-0.562858120256317,0.6433665421130259,1.11
rice,288,180529.40000926703,0.8259674060238896,0.8184095410503067,-0.2655858720446186,0.37913713806242066,1.11
rice,300,31380.900039106607,0.014056320634601945,1.5980166748464844,-0.0035135023561613343,1.0,1.11
rice,320,8614.300024986267,0.9984212298311894,2.5532514741096914,0.2554902783817767,1.0,1.11
rice,324,1259854.40051651,0.9174160126241343,1.0376554691264306,-0.3315284450194757,0.5035959708988839,1.11
rice,328,123576.00020436198,0.4611890643664229,0.7593124444052511,-0.05398381126185958,0.06491147122114184,1.11
rice,332,60333.20022428036,0.0,1.0645344362425477,0.0,0.9597700767950744,1.11
rice,340,8755.899992085993,0.40031293268762125,1.9193935146752732,0.08647138798115461,1.0,1.11
rice,348,2427.100002348423,1.0,1.83485856825585,0.07016225030342488,1.0,1.11
rice,356,42859473.993449226,0.46939254339371783,1.0489737498969471,-0.0010154495425020102,0.5864308227543171,1.11
rice,360,12521158.174426943,0.4863923301209316,0.9423812331108538,-0.18138268662908127,0.31028831738724855,1.11
rice,364,533334.5994923189,0.0022417446778114974,1.831103506583216,0.00046123115030835814,0.9429234481855847,1.11
rice,368,55563.09997352958,0.545041585295015,1.8927599098245174,0.08429211437898784,1.0,1.11
rice,380,243917.19987161458,0.22441385834816488,1.1830775642341267,0.15206645733679244,0.9986675806514916,1.11
rice,384,391629.2998566106,0.9902157478828512,0.8929958183339038,-0.41626900948641493,0.37304690926950235,1.11
rice,388,47.300000332295895,1.0,1.726300541726883,-0.5273615913103505,1.0,1.11
rice,392,1542451.1990655884,0.14430719140399703,0.9993135618776269,-0.0011684864922022772,0.4114342155553812,1.11
rice,398,90123.79990918934,0.0955763070893906,0.3786418586314015,0.01712707388964935,0.06705775785985274,1.11
rice,404,24277.70000511408,0.05581665497245646,1.6347584409977505,0.0036873964426115003,0.9552840665582437,1.11
rice,408,538168.099988386,0.12685181440888424,0.7400927347261488,-0.014193449020893353,0.0,1.11
rice,410,847784.7005890906,0.014991424084046714,0.6901985761249171,-0.0033293393171575925,0.0,1.11
rice,417,6260.89999973774,0.22870513807808096,1.1764457924580254,-0.04548542176311899,0.966873772086685,1.11
rice,418,835267.1979919076,0.5838022861902041,0.7874790142073413,-0.21143205709397522,0.20363531559264583,1.11
rice,426,4.200000084936619,1.0,0.761492015094873,0.14361044093101372,0.0,1.11
rice,430,248379.79975364357,0.9998429824001844,0.8655137536495014,-0.4175563066147364,0.3946548793248824,1.11
rice,434,0.10000000149011612,1.0,0.8991540892326989,0.02166320191097377,0.0,1.11
rice,450,1232131.7995910048,0.1537384228663123,1.3463079542845413,0.04169484794863491,0.9844064571000681,1.11
rice,454,61493.59981995821,0.7593586996335715,0.35563735544052716,0.1290043829015752,0.0,1.11
rice,458,654291.7014408484,0.4702457616973727,1.5860127562395552,-0.10049100144844132,0.9998681016440774,1.11
rice,466,656423.6997677982,0.37074240364318384,0.47197615301022633,-0.25001413020460966,0.00014121976521525798,1.11
rice,478,27190.600008763373,0.010808882496814255,1.1103928196342825,-0.008768376474428831,0.7460335550602338,1.11
rice,480,83.59999986737967,1.0,2.10616477830831,0.1357981796498057,1.0,1.11
rice,484,43561.599959768355,0.41195456677442044,1.5609017592555259,-0.02441476414654771,0.7668290434758505,1.11
rice,492,95.19999980926514,1.0,1.2634681363702964,0.6692264883157106,1.0,1.11
rice,498,145.79999981820583,0.11454046681108315,1.9941199892835098,0.08491723916551244,1.0,1.11
rice,504,5865.500024318695,1.7048845124117372e-05,0.4609594353942912,5.418802332149819e-06,0.02727815178703071,1.11
rice,508,213451.30015817285,0.8651884519678136,0.6967072090008186,0.04918394759164763,0.055655787253020304,1.11
rice,524,1515086.5983532667,0.6664263942329209,1.2082793166203976,0.17403857955065047,0.8868383492835438,1.11
rice,558,87581.19973620772,0.3343959671864916,1.3606049392301731,0.0859786390290552,0.9475344020196524,1.11
rice,562,20825.90005378425,0.8785790736303523,0.1031203107638923,-0.4522282726453485,0.0,1.11
rice,566,2172572.49928993,0.9900755899926941,0.635370508699449,-0.2213876286249508,0.20122877398719408,1.11
rice,583,8.100000143051147,1.0,0.3654496084508697,-0.2632631003599075,0.0,1.11
rice,586,2598956.702733308,0.07714757230105856,0.7294330638396892,0.015219431912449566,0.2619250253273076,1.11
rice,591,103527.30002342165,0.8329078438995552,0.9772732023547633,0.29073659572291477,0.4723188958340115,1.11
rice,598,394.50000294297934,1.0,0.03325498196930129,-0.020930338437735747,0.0,1.11
rice,600,57675.69990956038,0.020499101350906847,1.032678879388426,0.004016258747545581,0.7085410306297611,1.11
rice,604,382348.79965925217,0.6030606096347403,0.21505960638008154,-0.07287785646952197,0.0,1.11
rice,608,4163125.2021574527,0.4019861325083158,0.6292870499238636,-0.36189652619221485,0.05758986072650838,1.11
rice,616,3.700000047683716,1.0,1.6631669808588239,0.3237713795402135,1.0,1.11
rice,620,30276.70003617555,0.04822850570760606,1.1835336863148622,0.00370645969409377,1.0,1.11
rice,624,73033.39977363497,0.9655185161525671,1.1674187388329618,-0.6994832789099447,0.7899728068254814,1.11
rice,626,32043.6000745669,0.36551448487677785,0.31601385956296674,0.17002656230509383,0.0,1.11
rice,642,12425.100004836917,1.0,1.9564701124894373,0.3856719509081721,1.0,1.11
rice,643,199903.30054213852,0.00256123836771505,1.5823751504709385,0.0008094020551057612,0.8587392005222813,1.11
rice,646,11580.200179219246,0.558340967662888,0.8678962544094542,-0.05033213035717537,0.1481494295115733,1.11
rice,686,131918.5002644956,0.054247887699860504,1.2616822662011682,-0.03328961590368146,0.9030636332722926,1.11
rice,688,26.499999463558197,1.0,1.8557462604840516,0.0923368965039465,1.0,1.11
rice,694,545166.5004720762,0.9999545092209322,0.7009174259472009,-0.1591529223876105,0.0003604403478287509,1.11
rice,703,2.300000049173832,1.0,1.7380909148306891,0.15134238114418724,1.0,1.11
rice,704,7174283.59722174,0.10849348099405173,1.0640881508999271,-0.0017736883025511589,0.7219061006378161,1.11
rice,706,1283.9999915286899,0.0,0.6894337848091782,0.0,0.0,1.11
rice,710,1151.3000091388822,0.9987839833276753,0.8296648058475599,0.3311331078606928,0.0064275167649859065,1.11
rice,716,298.0000030621886,0.9848993290142319,0.846252403920469,0.18321593121392962,0.0,1.11
rice,724,119222.70002494007,0.013831258770941261,1.3828836827654278,0.0016102122161007254,1.0,1.11
rice,728,7137.700003273785,1.0,0.7599100610304944,-0.19463485858493298,0.1548117739369934,1.11
rice,729,187.6000017002225,1.0,0.4797444761218332,-0.5993115999667735,0.0,1.11
rice,740,47882.59993606806,0.1832920524941974,0.7016014237075626,0.09653668065572606,0.00020257879988560477,1.11
rice,748,41.30000048875809,0.0920096829865813,0.7502451108907472,0.031024982802423454,0.0,1.11
rice,756,224.99999845027924,1.0,1.2007284219097212,0.49166194190936285,1.0,1.11
rice,760,99.20000076293945,1.0,1.4799276436023248,0.03455089272799636,1.0,1.11
rice,762,16560.69995214045,0.10858236695188728,1.3400549496018699,-0.0007545726094937877,0.9987077840961557,1.11
rice,764,11495280.390789129,0.38533789951852554,0.7110741594881459,-0.19532821946753565,0.14606090885210618,1.11
rice,768,46332.79996293783,0.914494699875689,0.9712724583658946,-0.3643635561238839,0.45792613361390566,1.11
rice,780,1645.399990081787,0.0,1.786526675453298,0.0,1.0,1.11
rice,788,0.800000011920929,1.0,1.277880688168153,0.015221116334784986,1.0,1.11
rice,792,92953.79993895441,0.9997471862466972,1.9602494542880073,-0.2379839481824693,1.0,1.11
rice,795,62275.900034844875,0.8002132442712445,1.1765525635455178,0.04586977391701086,0.7899203379835605,1.11
rice,800,94194.99973852187,0.4651913617666169,1.3551655292330138,-0.2398333691349394,0.8480821716155533,1.11
rice,804,23450.400034308434,0.18346382317867707,1.7908281324260393,0.10552865238290912,1.0,1.11
rice,807,3915.0999959260225,0.9560164690948472,1.8932737861446032,-0.1997881618529024,1.0,1.11
rice,818,528623.1998384818,0.0009961727081540246,1.8948860355116075,-2.4879487826264064e-05,1.0,1.11
rice,834,1010168.3002639338,0.9288196834465298,0.6264203146769352,0.061976536009731034,0.0638361944504358,1.11
rice,840,1258773.9994643629,0.0,0.4564235426984944,0.0,0.1788185960535979,1.11
rice,854,122557.90003953874,0.9251986204397529,0.9607705553531123,0.1455174818379811,0.36633787019701175,1.11
rice,858,173608.39957237244,0.04436997299507905,0.8089601566786764,-0.0018015892048131212,0.00018432287884008805,1.11
rice,860,33842.200024075806,0.21563905431079233,1.1279275860710063,0.00143836042171729,0.7148028195574277,1.11
rice,862,203769.59994626045,0.25310105238011105,1.6495859737048257,0.07491841498751733,0.9995112126673807,1.11
rice,894,28158.69995019585,0.6304481413198435,0.190027012796134,-0.14326930676280286,0.0,1.11
wheat,4,2369353.39941258,0.4143381885790778,1.2837263024502494,0.05382462814943936,0.9926443645343079,0.8756249999999999
wheat,8,73203.50014872104,0.9621206582825419,0.8213184824614589,-0.13386441490924114,0.0,0.8756249999999999
wheat,12,1757181.6009798571,0.9685230026607997,1.2425396102901511,0.31396243368335586,0.9942787928946419,0.8756249999999999
wheat,24,3760.2000023424625,1.0,1.0613282409343034,0.05640724014202915,0.6773309923186671,0.8756249999999999
wheat,31,700834.6001170725,0.11556464298081816,1.2303828912830512,0.032907705781744706,0.9809756825537068,0.8756249999999999
wheat,32,4079220.702218607,0.9823141952016552,1.0678155271603524,0.1136949292596444,0.5501840338159371,0.8756249999999999
wheat,36,13544900.40171697,0.99262247090193,0.9584554236578263,0.48092620913552364,0.42526015926418825,0.8756249999999999
wheat,40,305011.19995450974,0.9933540140745262,0.8066175864801938,0.31672992567580666,0.10962253178619916,0.8756249999999999
wheat,50,367010.69952997565,0.18029011238767456,0.5072119494150463,0.07347144052125737,0.0,0.8756249999999999
wheat,51,85678.29992442578,0.7098168390568074,0.993505056218012,-0.09857668892968129,0.4597581881539819,0.8756249999999999
wheat,56,218547.1998514682,0.975775944028455,1.2818348865288083,0.15681470561007438,1.0,0.8756249999999999
wheat,64,3469.0000091940165,0.8521187630331094,0.6625090376252439,-0.08257449593298148,0.0,0.8756249999999999
wheat,68,172420.60016657412,0.9529586374837712,0.0902408929548161,0.15706472665072863,0.012314653913798128,0.8756249999999999
wheat,70,63539.50007443875,1.0,0.9856379332765054,0.09973577737943481,0.3673384265216594,0.8756249999999999
wheat,72,263.79999923706055,0.9192570141914692,1.2293447883330912,0.7933135864429439,1.0,0.8756249999999999
wheat,76,2247263.7016729712,0.9995633357146153,0.962925392340985,0.2502235943982338,0.4152623032396242,0.8756249999999999
wheat,100,1196992.2988734543,0.9998229729184873,0.9168534194060779,0.004280164644125293,0.33196721475013885,0.8756249999999999
wheat,104,99390.60001312196,0.2360052162281539,0.6682593115696683,0.07866826151957684,0.003598931889523734,0.8756249999999999
wheat,108,12035.600059561431,1.0,1.0576208546922565,-0.11003703673809537,0.9987869320757405,0.8756249999999999
wheat,112,604582.9001604617,0.9999467401594827,0.6182292450329052,0.10677041768695998,0.0008281742616527063,0.8756249999999999
wheat,120,1240.3000238463283,0.5598645376776201,0.8445649363512401,-0.08824996379551939,0.4079658066503196,0.8756249999999999
wheat,124,8825090.999856725,0.958274900734313,0.7195830578023762,0.19009461310397002,0.020827966505406675,0.8756249999999999
wheat,140,1.300000011920929,1.0,0.9658478579960644,-0.09669705735294779,0.0,0.8756249999999999
wheat,148,2691.39998626709,0.17288399723830317,0.5760278487712545,0.0,0.0,0.8756249999999999
wheat,152,270385.70034621656,0.8739474750835462,0.44979305632846134,0.23505400358792758,0.0,0.8756249999999999
wheat,156,24216222.488961175,0.3806944452899503,1.3404965047442132,0.011035945290076047,0.8763531306271407,0.8756249999999999
wheat,158,742.1999988332391,1.0,1.3096931014640418,-0.027397129998727114,1.0,0.8756249999999999
wheat,170,10294.499952279031,1.0,0.48351307807596067,-0.3780252914607224,0.01687308767342265,0.8756249999999999
wheat,178,1.600000023841858,1.0,1.593132012569729,-0.16111860141689235,1.0,0.8756249999999999
wheat,180,6781.500002801418,1.0,1.1427182528746,-0.08331817555955481,0.6465531222437069,0.8756249999999999
wheat,191,169045.10001265258,1.0,1.010652361990984,0.18445213039174702,0.6244877845925694,0.8756249999999999
wheat,196,4079.5999808311462,0.8653544494437228,1.1986733769629012,-0.13858955700125433,1.0,0.8756249999999999
wheat,203,848074.0002169982,0.9999617958298797,1.0030609011449694,0.3209265103321922,0.6391398631613286,0.8756249999999999
wheat,204,1.600000023841858,1.0,0.6221815936374832,0.170718556044759,0.0,0.8756249999999999
wheat,208,683053.2998765707,0.898773785784323,1.0278631561253697,-0.06377273953235006,0.8084855162863476,0.8756249999999999
wheat,218,9551.300048291683,1.0,0.16890278029038783,-0.12276720399929443,0.0,0.8756249999999999
wheat,222,0.10000000149011612,1.0,2.0792036693242255,0.20108062977545527,1.0,0.8756249999999999
wheat,231,1558088.2004192919,0.9952424386814466,1.3638596151152351,-0.20559960567478286,0.837993446070387,0.8756249999999999
wheat,232,24616.3000177145,0.9997237602651153,0.8902074255872977,-0.1282124038161761,0.17908865167406665,0.8756249999999999
wheat,233,120654.1001880765,1.0,0.6405488004817373,0.16574850965247245,0.0,0.8756249999999999
wheat,246,220007.19979012758,1.0,0.603484795082549,0.07271748155395968,0.0,0.8756249999999999
wheat,248,787.8999834060669,1.0,0.7011474306319633,0.38199519676073546,0.0,0.8756249999999999
wheat,250,5601514.603025034,0.98778514274213,1.478004421710664,0.3062147510943122,1.0,0.8756249999999999
wheat,268,50841.30000347644,0.37434133147778664,1.1945303778056993,-0.020971082915447893,0.9979327829559501,0.8756249999999999
wheat,275,6236.699890136719,0.22131896870264672,1.4071528491215497,0.10516770084477581,1.0,0.8756249999999999
wheat,276,3222530.2007026896,0.999992428325311,1.1631081452865062,0.40320642013748287,0.9997292500184544,0.8756249999999999
wheat,300,621939.4992573187,0.9396248353779441,0.94288715935297,-0.09147522457275038,0.3102218131698509,0.8756249999999999
wheat,320,721.8000012785196,1.0,2.4360772425053416,0.05701876918021136,1.0,0.8756249999999999
wheat,340,2034.8000106811523,1.0,1.482166822801084,0.2442161392478461,1.0,0.8756249999999999
wheat,348,1044659.4985453486,0.9998693353856375,0.7671333495203808,0.1919901758223325,0.0,0.8756249999999999
wheat,356,28521669.993667856,0.21798762148424547,0.9009767495087765,0.01992765956777266,0.4006124852446598,0.8756249999999999
wheat,364,6684036.599982649,0.6186828182781703,1.3456010751253862,0.3895912332285613,0.9991430627509151,0.8756249999999999
wheat,368,1255682.3001859784,0.4894861540387275,1.5539120268343762,0.29347827592779896,1.0,0.8756249999999999
wheat,372,83142.7001266852,1.0,0.9040008682258568,-0.16862977719788666,0.024141626502438524,0.8756249999999999
wheat,376,65574.29976828396,0.9466391574105638,1.3376257492303565,0.4026714472285751,1.0,0.8756249999999999
wheat,380,1756584.8015167564,0.9805324496683224,1.0738316916444568,0.2329125175365457,0.7940106846131739,0.8756249999999999
wheat,392,204419.39988400787,0.49196211232836845,1.2948547603159715,0.045612529724857756,1.0,0.8756249999999999
wheat,398,13619282.510302551,0.9850030205789059,0.12339360444038706,-0.05448078605642439,0.03856894083662768,0.8756249999999999
wheat,400,19004.799893058836,0.9410359499033683,1.4045770270857485,0.401314475470606,1.0,0.8756249999999999
wheat,404,140841.8003512621,1.0,1.655298914682261,-0.880707165020197,1.0,0.8756249999999999
wheat,408,67319.29979498684,8.912748674261776e-05,1.1470000088136667,-5.2630325039703035e-05,0.7799041287950627,0.8756249999999999
wheat,410,9221.799988612533,0.9889175652178053,1.2195256074982423,0.05914036190992937,0.9979179769582626,0.8756249999999999
wheat,414,42.20000023394823,0.25355450421260795,1.405455068426388,0.13863474597586223,1.0,0.8756249999999999
wheat,417,379604.7002829984,0.1888477668665355,1.3786104487340096,-0.02203475005847045,1.0,0.8756249999999999
wheat,418,32.30000041425228,1.0,0.3634402377778202,-0.18291547194648297,0.0,0.8756249999999999
wheat,422,34743.70007935166,0.6534306910123856,1.3719916863612738,0.06657831690763476,1.0,0.8756249999999999
wheat,426,19253.299960404634,0.9990962587420513,1.1944863821948928,0.6644278233271055,0.746677192568869,0.8756249999999999
wheat,428,298611.00037272274,0.9999457489806081,0.628943897187206,0.4589620400076219,0.0,0.8756249999999999
wheat,434,166953.10007608682,0.49575299987249877,0.8291150570883582,0.21063827233847127,0.19390775002680002,0.8756249999999999
wheat,438,162.5,1.0,1.3214544365487335,0.6405477099743667,1.0,0.8756249999999999
wheat,440,514207.2995965257,0.9980505921814178,0.6252029886442639,0.4638512234306564,0.0,0.8756249999999999
wheat,442,13707.29991531372,1.0,1.364168637241849,0.3601328097927808,1.0,0.8756249999999999
wheat,450,3858.1000052168965,1.0,1.475268512346203,0.18783912571543096,1.0,0.8756249999999999
wheat,454,2738.0999860167503,1.0,0.973989613543991,0.16763820097124438,0.43336620301973033,0.8756249999999999
wheat,466,8192.80007661879,0.004833512353668081,0.532296062775833,-3.9535951690190616e-05,0.0,0.8756249999999999
wheat,470,1567.9000091552734,1.0,0.8290545267028712,0.2430186953101158,0.0,0.8756249999999999
wheat,478,1540.1999957561493,1.0,0.7061094708045051,0.10216245734950288,0.0,0.8756249999999999
wheat,484,717750.7992707938,0.156297701245797,0.8036745630191254,0.02454742371458218,0.33033080519986646,0.8756249999999999
wheat,492,0.8999999761581421,0.3333333554091283,1.7470187824143213,0.09173098612072784,1.0,0.8756249999999999
wheat,496,262641.2006016448,0.8598494827496048,0.417357291036046,-0.5961366244067291,7.614951596401578e-07,0.8756249999999999
wheat,498,334839.79903411865,0.9994561578888155,0.7408128962994925,0.45781291430281684,0.004394340213262867,0.8756249999999999
wheat,499,1899.6000063866377,1.0,0.8928308502279683,-0.25108729824897863,0.02142556276672873,0.8756249999999999
wheat,504,2943325.6973996013,0.9170475090060094,0.5758288743244324,0.2985650233407575,0.0,0.8756249999999999
wheat,508,11192.200017116964,0.998641911316274,1.4626955969750208,0.22364138532749508,1.0,0.8756249999999999
wheat,512,533.9000008106232,0.4077542664289052,1.3148405545375381,0.08929553020529592,0.9181494660038526,0.8756249999999999
wheat,516,2486.9000084251165,0.8932405829635853,0.20315852867412548,0.14400657676662917,0.0,0.8756249999999999
wheat,524,723813.499170579,0.049485537268107484,0.9899532181470752,0.0072958065082936565,0.5570386561314496,0.8756249999999999
wheat,528,122676.69988118857,1.0,1.1923433254406917,0.08929524567901273,0.9853297326105994,0.8756249999999999
wheat,540,6.500000067055225,1.0,0.6802780488871687,0.26969891907984744,0.0,0.8756249999999999
wheat,554,52004.30002323538,0.07628023081090132,0.17523949657608112,0.015831289143990582,0.0,0.8756249999999999
wheat,562,6589.599971823394,0.7832948873300802,0.5560042057180782,0.00873356946856484,0.0,0.8756249999999999
wheat,566,81578.29987370968,0.41771157238955997,0.5024114834329697,0.007549584075260193,1.7161426241113925e-05,0.8756249999999999
wheat,578,73063.20008768886,1.0,0.5650787447662861,-0.14866505195608914,0.01345821133775736,0.8756249999999999
wheat,586,8949288.701015346,0.3122689181388319,1.5005510928446886,-0.016786290542358903,0.9988847717103815,0.8756249999999999
wheat,600,539640.9007560611,0.9996158556444408,0.683448726763247,0.4616854713504656,0.007455698820858344,0.8756249999999999
wheat,604,152390.59963555634,1.0,0.2183532867246482,-0.4962959511358274,0.0,0.8756249999999999
wheat,616,2334593.2011190727,0.9999997001730067,0.8290059315828245,0.19683267101338453,0.004808032497820386,0.8756249999999999
wheat,620,57454.39995649457,0.8956302756936817,0.48033346411814287,0.13376342508153494,0.0,0.8756249999999999
wheat,634,15.000000238418579,0.3733333344525761,1.3861924150112517,0.13648739081002584,1.0,0.8756249999999999
wheat,642,2055328.4013219774,1.0,0.8869987848898544,0.12898706031532317,0.031497496895252226,0.8756249999999999
wheat,643,24727698.399765402,0.9996644572238573,0.5440537182685199,0.05285814037624156,0.02487379499887522,0.8756249999999999
wheat,646,45560.299883686006,1.0,1.1667778119569594,-0.17196979501862295,0.9831410245421764,0.8756249999999999
wheat,674,1944.4000244140625,0.9968113180598956,1.0809597963236883,0.4532136970343005,1.0,0.8756249999999999
wheat,682,202710.0997703001,0.1701977355083927,1.343225883090233,0.08447566653619427,0.9984544430712768,0.8756249999999999
wheat,688,524896.3998893797,0.9999864735677604,0.9154108893854589,0.05666980275638189,0.06048698423995918,0.8756249999999999
wheat,703,344874.9003578201,0.999218556354861,0.7032819513835925,0.20895222823770213,0.0005665822520236964,0.8756249999999999
wheat,704,140.4000039100647,1.0,0.6992923341377016,0.1817053455364831,0.0,0.8756249999999999
wheat,705,31971.49997329712,0.9999937444644212,1.1250833189430163,0.3763556856345963,0.92680355802264,0.8756249999999999
wheat,710,594640.2000437975,0.8337616597977562,0.9679323694437464,0.512588712029997,0.4858467354481048,0.8756249999999999
wheat,716,6432.0999877899885,0.2794421737329998,1.3839728821982882,0.054062710370077954,1.0,0.8756249999999999
wheat,724,1903664.3002010286,0.9687822587276875,0.7649002363920752,0.23041955430037586,0.1250462069283897,0.8756249999999999
wheat,728,2850.8000149577856,0.7688718936094749,1.0414387129293734,-0.11216836678732812,0.43510593391450314,0.8756249999999999
wheat,729,266262.19984241575,0.007867057262509664,0.9104396379667103,0.00021614495329564293,0.1595956907962727,0.8756249999999999
wheat,748,318.69999969005585,0.991528083426762,1.444303439218966,0.3679806147446257,1.0,0.8756249999999999
wheat,752,385749.6999547258,1.0,0.5913848650324143,0.1554842516339121,0.0,0.8756249999999999
wheat,756,89422.89994575828,0.9997696336604699,1.4537132755020534,0.5989213708043092,1.0,0.8756249999999999
wheat,760,1530870.5014140755,0.6282636568195104,1.3413680049550967,0.15466233867352658,1.0,0.8756249999999999
wheat,762,333272.9995904565,0.4344903421897423,1.3057470732821825,0.01322563308751626,1.0,0.8756249999999999
wheat,764,1189.5999978333712,1.0,0.3128425168334199,-0.1349523822938711,0.0,0.8756249999999999
wheat,784,15.700000181794167,0.36305732509769134,1.358825925997608,0.20012175090208867,1.0,0.8756249999999999
wheat,788,657054.4998725206,0.9391633410826628,1.0881127167900797,0.2794515025335267,0.9847624510905016,0.8756249999999999
wheat,792,7995072.799361922,0.7979524463908412,1.1857827640948553,0.14188588450795755,0.9770655121564539,0.8756249999999999
wheat,795,669866.7994374707,0.050639619875164646,1.1014529609039032,0.008161729548722133,0.9974132170857508,0.8756249999999999
wheat,800,12212.000015720725,1.0,1.274347241200343,-0.3110930502384185,1.0,0.8756249999999999
wheat,804,6222919.697890997,0.9938379246765812,0.8356644899367841,0.3817286520602921,0.2339004308941412,0.8756249999999999
wheat,807,88957.89984345436,0.9594257540943033,0.8651484939350569,-0.30078758644505554,0.0,0.8756249999999999
wheat,818,1279502.399179697,0.0010769029879010566,1.4589098110379302,0.0005370162663823103,1.0,0.8756249999999999
wheat,826,1842952.3999656364,1.0,1.222181385298345,-0.17197690456260542,0.9878759754748302,0.8756249999999999
wheat,834,103876.1999476254,1.0,0.3987981866950465,0.09209030911254315,0.003920051107275535,0.8756249999999999
wheat,840,19305734.600477077,0.9356275311180726,0.2409251518169664,0.013470768236863611,0.0,0.8756249999999999
wheat,854,4.400000035762787,1.0,0.6180521865449607,0.09066749864201609,0.0,0.8756249999999999
wheat,858,508689.0009599626,0.9999996068384654,1.040438575893257,-0.047262627889781514,0.6092862242144769,0.8756249999999999
wheat,860,1429525.49895335,0.18770424193875526,1.2194934661331738,-0.017347850407822128,0.9795531453296594,0.8756249999999999
wheat,862,107.40000129491091,1.0,0.7507060360839184,0.03130588067959319,0.0009310986991101141,0.8756249999999999
wheat,887,130128.29998739809,0.45337024965225686,0.5792497987481948,-0.015014626180033564,0.0017129248662240434,0.8756249999999999
wheat,894,33360.60002450645,0.01305731906612155,0.9700551381150148,-0.0001401353510420801,0.40724986847204847,0.8756249999999999
maize,4,166559.20003387332,0.15236384511823245,1.0975035242070272,-0.0037372897630377332,0.5406660214033814,0.8436
maize,8,53057.79985702038,0.4116736849364641,1.680251207189022,-0.1771579230773802,1.0,0.8436
maize,12,538.79998832196,0.3760208006593542,1.439319902899297,0.038774158130285445,0.9990720118443065,0.8436
maize,24,1496064.6002001762,0.9893095527286794,0.5683756598710612,-0.22471542197301947,0.23001934547654665,0.8436
maize,28,32.79999954998493,1.0,1.154897996008733,-0.2643575360702088,1.0,0.8436
maize,31,31360.000016756356,0.12694196492322063,0.7226886635478698,-0.004616507016778259,0.06299107234353245,0.8436
maize,32,3017326.1999426186,0.9487856500068897,0.6059993320307934,0.2066891469759828,0.06840884491164603,0.8436
maize,36,61636.699969008565,0.3206125564512987,0.6434895114425628,0.10799804941218671,0.0,0.8436
maize,40,200681.90038511157,0.9592324947728886,1.395849521448465,-0.1734881942674532,1.0,0.8436
maize,44,93.99999940395355,1.0,1.369035407745287,-0.4405376311075105,0.9659574460853759,0.8436
maize,50,150978.69991327822,0.7778097168805502,0.9497832702632939,0.37934611788974665,0.30686646675881546,0.8436
maize,51,3153.49999024719,0.10017440991073243,0.5484124536834434,-0.02126519324575395,0.005644521947887348,0.8436
maize,52,52.30000019073486,1.0,1.3806169268340729,-0.10797861170287525,1.0,0.8436
maize,56,63962.89996051788,0.22707694617320992,0.7134670413331956,-0.0035274651084447176,0.0,0.8436
maize,64,27481.199901543558,0.9999927223043397,0.7029936383804913,0.48451626584734975,0.0022415324496687684,0.8436
maize,68,379520.19992686063,0.8856930416828273,0.03370316063888501,0.2745516714941579,0.016340105237383603,0.8436
maize,70,190141.39968168736,0.9992205799970559,1.7333466942622573,0.008377336897380716,1.0,0.8436
maize,72,82862.09990029782,0.9855000047845741,0.7470452014694267,0.2575493309269108,0.0,0.8436
maize,76,13178684.499729909,0.9922291559432019,0.9907796501736271,0.21042921750563612,0.4256427036116726,0.8436
maize,84,16038.900067806244,0.9934160069794636,1.4819428092259932,0.35549703377546016,1.0,0.8436
maize,96,14.100000023841858,1.0,0.8863884696345029,-0.3999460776820164,0.0,0.8436
maize,100,356482.3001178205,0.9119482226432417,1.8230564681550974,0.19088502491512224,1.0,0.8436
maize,104,374474.0002595261,0.8795294199601077,0.3744310307722766,0.1228471267753717,0.0027243547069986124,0.8436
maize,108,118460.09993008524,1.0,0.32302379826007405,-0.6092387538737768,0.0,0.8436
maize,112,130336.19983545691,0.9996647131500601,1.4314918758311712,0.3003441059326953,1.0,0.8436
maize,116,202577.29935654998,0.9999116386746111,0.47180669589972607,-0.1542010188578145,0.0,0.8436
maize,120,796939.6994792596,0.9844561641379038,0.807005948973286,0.11376267657158869,0.27601724493282986,0.8436
maize,124,1159445.0995858386,0.9998325923444824,1.4127573568887284,-0.21319288619377338,0.9052661486625451,0.8436
maize,132,15603.999948501587,1.0,2.0761165092874228,-0.3188227959116454,1.0,0.8436
maize,140,120155.39997176081,1.0,1.211049214450788,-0.02744031770980935,0.8799845863252617,0.8436
maize,144,52445.60006803274,0.9747586047314848,1.1243315591227117,-0.3441660072725782,0.8786647501666105,0.8436
maize,148,259441.0999346897,0.9434584574918496,0.28068707084839334,-0.454856299967108,0.04231326472408855,0.8436
maize,152,123427.40007825196,0.1938183905282793,1.7393947169606185,0.06009485737549611,0.9998930545423581,0.8436
maize,156,32356937.786860533,0.575813336204151,0.7747378883919931,-0.023017510684309263,0.12552032662773932,0.8436
maize,158,9759.499977476895,1.0,0.9313689755202776,-0.24371687799773928,0.21108663104270703,0.8436
maize,170,563137.9996956736,0.9999595125897216,0.8476122696299666,-0.2727630162816074,0.4284118628125812,0.8436
maize,178,14565.799975328147,1.0,1.15145809221605,-0.2587648923528549,0.8314339069344487,0.8436
maize,180,1497003.5993373021,0.999957448338108,0.6575590781634109,0.04122518745586217,0.3920824236695445,0.8436
maize,188,9734.299995407462,0.9945758818069929,0.9334902039712516,0.3227618110756784,0.40214499282831323,0.8436
maize,191,308341.2998397872,0.9956278955285924,1.6323990725361868,-0.03293267911093772,1.0,0.8436
maize,192,184232.40012251586,0.8638665068825313,1.3688469128205254,-0.4398777161270797,0.8937743852041026,0.8436
maize,203,108758.59979048371,0.9989095114654658,1.2688552482990207,-0.12271346636695171,1.0,0.8436
maize,204,844492.1987966448,0.9999872112639899,1.2786869874412554,-0.05790215815686586,0.8467250494264268,0.8436
maize,208,5240.899999856949,0.9978057203914759,0.7144904709114241,-0.2886197280791337,0.0,0.8436
maize,212,37.99999976158142,1.0,1.1577389384153989,-0.23626174314950346,1.0,0.8436
maize,214,24192.699984148145,0.6920517356956242,1.0920107500728469,-0.11427890141587509,0.7304972153923901,0.8436
maize,218,457103.999930121,0.8378559370793219,0.1936991287816013,0.07708123823651888,0.0,0.8436
maize,222,243473.4993552938,0.9854912357250784,1.5556920180607763,0.17293049271178704,1.0,0.8436
maize,231,1925975.7008804604,0.9810068736030888,1.1508398094849566,-0.21664814765541818,0.7413538499573393,0.8436
maize,232,20757.299987196922,0.999730215099894,0.6223429599561785,-0.1822653935420883,0.0,0.8436
maize,242,334.2999992594123,0.998803468757772,0.7395414673202837,-0.6814437463565216,0.0,0.8436
maize,250,1617946.799339272,0.512642257264688,0.8706509000416959,0.18947322023106405,0.1816347732516745,0.8436
maize,262,1.5000000596046448,1.0,1.1460044295937482,-0.17224445990792106,1.0,0.8436
maize,266,23972.40001629293,1.0,1.2209734560610719,0.03272233163705949,0.9031135810564553,0.8436
maize,268,112769.0001661405,0.8661476135748485,0.9093817401214508,0.03186899763962774,0.1780125737861312,0.8436
maize,270,43749.59991455078,0.9833232768855747,0.9688588227218949,-0.5824326929922774,0.475517492350952,0.8436
maize,275,49.0,1.0,1.698796330120182,0.0027287430019729314,1.0,0.8436
maize,276,466182.2995346114,0.8538861303503645,0.9339235860360481,0.16420326828250545,0.36072111667687623,0.8436
maize,288,987453.699443154,1.0,1.2566067114995714,0.014819679180616609,0.8015824945000039,0.8436
maize,300,194661.80015692115,0.002800241238610003,1.782140585612815,-0.0011402564888270228,1.0,0.8436
maize,308,136.09999978542328,1.0,1.3062712074800156,0.29039591486396116,1.0,0.8436
maize,316,12.599999837577343,1.0,0.6062714172691728,0.013942406584464658,0.0,0.8436
maize,320,819495.3002216294,0.9103218770828245,2.671326615995537,0.0720647709615044,1.0,0.8436
maize,324,351139.2001485303,1.0,0.7941367189722747,-0.48402896050564004,0.09242858677554075,0.8436
maize,328,3074.6000027805567,1.0,0.6088209176503886,-0.08960923881938701,0.038086255444878835,0.8436
maize,332,380903.1996892467,0.9406904434675776,1.0018319058487957,-0.1736564939180139,0.6391791939069351,0.8436
maize,340,333300.1999419257,0.893106875515879,1.923213260505291,0.19590530735778494,0.965612081779863,0.8436
maize,348,1145317.4985164553,0.988869986287891,1.6776291322505046,-0.08832051160581347,1.0,0.8436
maize,356,8548442.601674765,0.8501417553345118,0.8491421951991289,-0.22835255791603354,0.3632324675618255,0.8436
maize,360,3798280.0973681808,0.902454878150887,0.7173700238616799,-0.10365913643912694,0.17632167278723884,0.8436
maize,364,243185.59991521388,0.002404336453343672,2.4134960024699166,0.0008182111516968169,0.9998881512702866,0.8436
maize,368,118835.80000074953,0.34824690856309976,1.623566377381393,0.0016273624437102563,0.9986241519811456,0.8436
maize,376,2709.0000188350677,0.9471022512587045,1.7632912606719,0.05988964537026292,1.0,0.8436
maize,380,936548.3999250606,0.573235508965111,1.2888131051795169,0.27884320248289923,0.9985240485201154,0.8436
maize,384,327317.40070242435,1.0,1.3155020695695174,-0.019546251530001932,0.9585484915715593,0.8436
maize,388,1964.4999926388264,1.0,1.3444119171813906,-0.3672697849556776,0.9043013489340794,0.8436
maize,392,63.00000052154064,1.0,0.9190331039524826,0.09145874523795688,0.04920635000528271,0.8436
maize,398,98846.90000922978,0.23357333400440813,0.4446317457797973,-0.0335645641498866,0.07740050434249311,0.8436
maize,400,1306.9999996572733,1.0,1.6311706346849895,-0.016703769636844612,1.0,0.8436
maize,404,2000393.8993814662,0.9977438443465863,1.5812819764515444,-0.7709300203243181,0.9957044959672917,0.8436
maize,408,488945.19993863255,0.9835251474675861,0.6956492085274787,-0.19188099513564902,0.0,0.8436
maize,410,15300.799984246492,0.6802716192980189,0.6416050105018982,-0.16361402516912088,0.0,0.8436
maize,414,562.5000001639128,0.5694222302764351,1.6958696324555012,0.05299367851918073,1.0,0.8436
maize,417,70336.50001146644,0.20811243086193748,0.9297290601704394,-0.01062733574743579,0.3227129578302635,0.8436
maize,418,203054.69972112775,0.9982753416583294,0.5947940381305203,-0.0977663580430102,0.016624584389636543,0.8436
maize,422,1208.700002282858,0.0,1.537248576366237,0.0,1.0,0.8436
maize,426,131107.1001780033,0.9994752382769541,0.8595338811416263,0.10916900416760447,0.0691030452639444,0.8436
maize,428,45.20000013709068,1.0,1.208126087886836,0.1474341120870948,1.0,0.8436
maize,430,1687.900004774332,1.0,1.0003218857073057,-0.13677712016694304,0.4275727217034352,0.8436
maize,434,1251.199999384582,1.0,1.4170338025379159,-0.0533466986411136,0.9536445014346143,0.8436
maize,440,7504.099993221462,1.0,1.2645356237248524,0.13816017689089657,1.0,0.8436
maize,442,295.09999883174896,1.0,0.7974862500458182,0.25327134458943934,0.0,0.8436
maize,450,263030.6994362846,1.0,1.2512222575672167,0.28186111908794276,0.8488963452706142,0.8436
maize,454,1663023.5002332479,0.9999999398683294,0.7287666545281185,0.19881200736703697,0.04858295731286137,0.8436
maize,458,9335.000004664063,0.9960042829640783,1.4020648219391274,-0.39374660935770484,0.7670915914158106,0.8436
maize,466,621750.1006733254,0.9999934057009414,0.3528541256292717,-0.6439818487277101,0.004390831604874928,0.8436
maize,478,20045.50000295788,0.9670100521921702,0.6952935872614554,-0.8898451994684747,0.10203287507103974,0.8436
maize,480,31.800000190734863,1.0,1.8903875700641488,0.10677726252641082,1.0,0.8436
maize,484,6443400.497652672,0.7851310042115138,1.2926886398263726,-0.021584738641460044,0.8762579167878547,0.8436
maize,492,0.5,0.20000000298023224,1.276508269183422,0.13557650892214193,1.0,0.8436
maize,496,56.599998474121094,1.0,1.1025766415814553,0.4463055097131586,1.0,0.8436
maize,498,420907.99902153015,0.9959862964085441,1.8514013638684508,0.6736622431012838,1.0,0.8436
maize,499,2879.69998934865,1.0,1.5881311855672704,-0.0950836309047282,1.0,0.8436
maize,504,206611.80314857513,0.8196845531449781,1.4776763818430356,0.2044101638717852,1.0,0.8436
maize,508,1696970.0005791858,0.9894704678779674,0.7611784701016336,0.10345995665055202,0.014041910020768296,0.8436
maize,512,19.40000057965517,1.0,0.6354118032848747,0.5092090302466193,0.0,0.8436
maize,516,83541.80002672225,0.9872219655958491,0.4035338379705321,-0.1276353417666982,0.005500240591812022,0.8436
maize,524,856163.6009952575,0.32633085497146747,0.696557197628142,0.11179840270504839,0.04691953730732667,0.8436
maize,528,20415.100006386638,0.6022649911361576,0.7338004667072234,-0.026519378371624547,0.0,0.8436
maize,540,715.500002861023,1.0,0.9043756723535037,-0.00085697216543938,0.024877708063674592,0.8436
maize,548,1146.4000017940998,1.0,0.5605549003387705,-0.09606543227266699,0.0,0.8436
maize,554,15244.099969916046,1.0,0.35821691080775114,0.10569737848733644,0.0,0.8436
maize,558,342707.6002580002,0.9946946024305889,1.550618178363302,0.19100576005405626,0.9609462994756335,0.8436
maize,562,14156.19998165965,0.9961783520727745,0.11428279397728,-0.5715829690768611,0.0,0.8436
maize,566,4325965.598402016,0.990738599385899,0.863570406943647,-0.1315707439544953,0.37850915853094846,0.8436
maize,583,4.700000047683716,1.0,0.18670768472795823,-0.4247654883311138,0.0,0.8436
maize,586,1002088.5986633897,0.1576987313003457,0.7165842850733123,-0.006694414127973403,0.1400997874997947,0.8436
maize,591,47230.999979645014,0.9377887389419964,0.9691632432085319,0.19809530474258083,0.38664436476993774,0.8436
maize,598,2106.7999965548515,1.0,-0.2577179202178447,-0.17133864264533757,0.0,0.8436
maize,600,786109.7987811118,0.9999676889924818,0.49345708904823476,0.018747823916584548,0.006699064169596574,0.8436
maize,604,491681.0002417192,0.2797332015233848,0.2093268088091347,-0.07912304127672057,0.0008680424899560389,0.8436
maize,608,2417920.8971713483,0.9606052433062426,0.8525952470377601,-0.8669116269324767,0.26892099697770383,0.8436
maize,616,303391.89994639903,0.9827655263756794,1.27990830281519,0.1229238335997818,0.9689662117000698,0.8436
maize,620,96012.7000734806,0.1409907229462255,1.163722511363277,0.05721189309426154,0.9956349523793194,0.8436
maize,624,16584.89999075234,1.0,0.7694281794790049,-0.6840278262627038,0.18233453336477298,0.8436
maize,626,52971.69991913438,0.8861146669416468,0.3253508802887339,0.3386716247611076,0.0,0.8436
maize,630,296.8000000938773,1.0,1.1449207969826893,-0.8039406676793264,1.0,0.8436
maize,634,79.89999984204769,0.6120150205241871,1.2426764945795352,0.24320828424722635,1.0,0.8436
maize,642,2301752.2993071005,0.9322966683842846,1.8011880106154676,0.33084684392024605,1.0,0.8436
maize,643,1393039.0003088713,0.988168314031539,1.2034031056413503,0.4843415708821956,0.8613140048738959,0.8436
maize,646,180084.10040821135,1.0,0.5794988813870758,-0.7695620275843524,0.0007835228417371257,0.8436
maize,670,6.6999998688697815,1.0,1.2377679396296155,0.07250747357385694,1.0,0.8436
maize,674,202.1999969482422,0.9500494816426275,1.3998075953883178,0.5959278133704122,1.0,0.8436
maize,678,510.30000436306,1.0,1.4001250708190638,0.35183152416665264,1.0,0.8436
maize,682,19623.000078871846,0.4923813908137408,1.1456223262254268,0.12596883460646102,0.866692147811927,0.8436
maize,686,144164.80019664764,0.9817743308855599,1.017320162245561,-0.5809283058877495,0.5259404515965219,0.8436
maize,688,1238362.8987761512,0.9998710394575534,1.7773321350772702,0.011842807608051828,1.0,0.8436
maize,694,34422.80000458658,1.0,0.6913051281395638,-0.19201778729066757,0.002100352083626674,0.8436
maize,703,162053.70021748543,0.9406733695001009,1.5176602584863812,-0.17622757885466023,1.0,0.8436
maize,704,1086621.3011393473,0.7498194615532497,0.7828120881246584,0.06107554467495654,0.21881146627332235,0.8436
maize,705,39225.49999639392,0.9927470628916001,1.5689572723997907,-0.015754470633134954,1.0,0.8436
maize,706,65068.100037008524,0.7816026611211008,0.7791318889764907,-0.195494041852135,0.13673059475663352,0.8436
maize,710,2515870.999240637,0.8942673533399825,0.8551490179141145,0.26349767558271303,0.04920093288394524,0.8436
maize,716,1462699.9008162916,0.9890905851381959,0.6373746625825519,0.165972328418402,0.0,0.8436
maize,724,341875.4003999382,0.0008187193227292236,1.2322304300168172,0.0003548712214704264,1.0,0.8436
maize,728,32209.499993406236,1.0,0.8381273880821843,-0.23424143649981394,0.22727766649761172,0.8436
maize,729,2647.7000066265464,1.0,0.09664114980013205,-0.6593801049352863,0.03520036255377731,0.8436
maize,740,16.70000010728836,1.0,0.901599465312739,-0.0101541589774348,0.2395209556527562,0.8436
maize,748,59922.000125050545,0.991004972840162,0.909381584143591,0.35475455592592664,0.0,0.8436
maize,756,16295.19997728616,0.8693787159470476,1.044746494844022,0.3831804141532196,0.7697788277384013,0.8436
maize,760,52016.29994226247,0.1170498482960977,1.3787050937394678,-0.027027618502869513,1.0,0.8436
maize,762,13223.299991719425,0.5191971755050375,0.9503434929573623,0.004001172777405638,0.2028162401536199,0.8436
maize,764,1145759.700642094,0.9999725073229466,0.21834290534308348,-0.1418078527185898,0.00034431303400667075,0.8436
maize,768,515972.7997852266,1.0,1.4284293133350583,-0.013591964433392884,0.9853248080202284,0.8436
maize,780,1154.1999987363815,1.0,1.59551157346964,0.8633923830513048,1.0,0.8436
maize,784,149.40000054240227,1.0,0.6524681411442075,0.5070651010654122,0.002008032151145831,0.8436
maize,792,577390.7003476396,0.7943787466416422,1.5822011631587247,-0.22280687689100795,0.9996806321946695,0.8436
maize,795,14582.799982950091,0.01027237589673457,0.674393603532659,0.0007398934640302852,0.000864031585165739,0.8436
maize,800,1025903.9995625913,0.998655332261084,1.3594040946750856,-0.10817715608925317,0.9535037395757525,0.8436
maize,804,2630122.100255467,0.9592920798936984,1.7376582789237436,0.5683182550860344,1.0,0.8436
maize,807,33429.79990133643,0.9480254080246625,1.704444073286707,-0.35675511430182993,1.0,0.8436
maize,818,939636.0995912552,0.00025158676034186633,2.0634881716607114,-7.594592513375654e-06,1.0,0.8436
maize,834,3092928.8005782813,0.9855005392505906,0.4317773755623726,0.10321251160723972,0.015497640897959129,0.8436
maize,840,32959735.104880646,0.8461320790989368,0.3840218819241101,-0.2505809410923449,0.025181321938167134,0.8436
maize,854,691558.7998694181,0.9939000128677983,0.42918789754265096,-0.8208362617856396,0.00291327356388282,0.8436
maize,858,86511.19994559884,0.7460479108919348,0.6043512875187289,-0.11585458623297056,0.0,0.8436
maize,860,35629.899981454015,0.009169265282959471,0.8591594620660622,-0.00047387805123048535,0.06355336458515919,0.8436
maize,862,580835.0999227762,0.9036950422481296,1.6203508412938121,0.2090975926796747,0.9985202340562398,0.8436
maize,887,44888.39985077083,0.4145881789333109,1.3083784176660669,-0.17218896207710427,0.9204582920023073,0.8436
maize,894,1030449.7007702217,0.9966472890773215,0.5417282438757409,-0.12426392716153051,0.0,0.8436
soybean,4,2.4000000655651093,0.7916666630448568,1.329323438403855,0.14925948384480864,1.0,0.8941176470588236
soybean,8,308.39999509602785,1.0,1.2607504598776877,-0.22920420818623014,1.0,0.8941176470588236
soybean,24,13955.799986079335,1.0,0.23950019034372474,-0.2920023182321451,0.004535748580361474,0.8941176470588236
soybean,31,406.89998799562454,0.067829936143799,1.4819851420009702,-0.00855109477518322,1.0,0.8941176470588236
soybean,32,17924978.39678976,0.9961625173384148,0.5490549872311319,0.1879017083523556,0.0021564489133805674,0.8941176470588236
soybean,36,30273.800019204617,1.0,0.6057801206654759,0.24255869333424887,0.0,0.8941176470588236
soybean,40,29629.400064252317,0.9882751556350181,1.1994860561300105,-0.22032785770261284,0.989746670552494,0.8941176470588236
soybean,50,37700.900017760694,0.787477224523785,1.4294166807349817,-0.027073828051391077,0.9959364364916201,0.8941176470588236
soybean,56,0.4000000059604645,1.0,0.7840809395979024,0.21225675831596405,0.0,0.8941176470588236
soybean,64,582.7000071555376,1.0,0.3821798077493262,0.3874488656825664,0.15033464867441507,0.8941176470588236
soybean,68,1050675.1003478765,0.9836883924367856,0.024997948648209863,0.37629714232776423,0.03433125998045534,0.8941176470588236
soybean,70,6260.899980805814,1.0,1.3746829226373134,0.07555950556359722,1.0,0.8941176470588236
soybean,72,132.29999911785126,0.7792894953473466,0.7797050767458314,0.20827971717498073,0.0,0.8941176470588236
soybean,76,23045197.49184303,0.9975392876400097,1.0752913834957878,0.12914100060908137,0.6015942671499322,0.8941176470588236
soybean,84,338.2000020593405,1.0,1.9221708741334103,0.11577623560723099,1.0,0.8941176470588236
soybean,100,871.1000064834952,0.8280335198610617,1.7472064023377722,0.10962070245045583,1.0,0.8941176470588236
soybean,104,157511.60004089773,1.0,0.40112446527455736,-0.45875726204838835,0.1875557100363518,0.8941176470588236
soybean,108,4591.2999663203955,1.0,0.5913814852668522,0.061448733247231345,0.0,0.8941176470588236
soybean,112,338.4999981671572,1.0,1.5364524488855673,0.435396742991639,1.0,0.8941176470588236
soybean,116,87893.50010468811,1.0,0.43231419752457173,-0.4708857066190651,0.0,0.8941176470588236
soybean,120,15023.3999921754,1.0,1.2589557982314283,0.2842397290316487,0.8895057044998582,0.8941176470588236
soybean,124,1426519.1992070824,0.9999989484947897,1.0194763045533712,-0.0772785076519826,0.46886330052447645,0.8941176470588236
soybean,140,27.100000128149986,1.0,1.4405466911460647,0.48903093779030665,1.0,0.8941176470588236
soybean,144,2861.799986883998,1.0,0.7121837420133478,-0.17989871607704316,0.00045425957358352116,0.8941176470588236
soybean,148,7.5,1.0,0.4441980042432015,-0.00017601700813751805,0.0,0.8941176470588236
soybean,156,8491972.496733598,0.8433606677611296,0.71467647725503,-0.0735646041124031,0.11690364050804439,0.8941176470588236
soybean,158,136.599999435246,1.0,1.5172491247947992,-0.2962967592884857,0.8850658849736953,0.8941176470588236
soybean,170,31120.79986052215,0.863281151918589,0.4120215141693837,-0.07464190109026714,0.0,0.8941176470588236
soybean,178,322.00000125169754,1.0,1.6685839021949604,-0.0036377504179498196,0.9434782608949169,0.8941176470588236
soybean,180,37301.30001346767,1.0,0.6677212158837721,0.14420460761713771,0.2546131099863757,0.8941176470588236
soybean,188,1.2000000327825546,1.0,0.8269088562306965,0.29566071274404365,0.166666664597061,0.8941176470588236
soybean,191,51273.00015293807,0.9999824470209701,1.34239182434391,0.00788234389527095,1.0,0.8941176470588236
soybean,203,7833.099995031953,0.9993106177523725,1.3074114438960667,-0.09153738783384349,1.0,0.8941176470588236
soybean,204,67112.20006015897,1.0,0.7494669516859392,-0.3779892660745087,0.09005665214536213,0.8941176470588236
soybean,208,1.100000023841858,1.0,0.8338716302293117,-0.16039832469344856,0.0,0.8941176470588236
soybean,218,43327.59999039769,1.0,0.2502572788160231,0.017875301914097457,0.0,0.8941176470588236
soybean,222,2335.3000051528215,1.0,1.5129769924632115,0.09395824308621349,1.0,0.8941176470588236
soybean,231,12062.100027605891,0.9958382040501268,1.0876917529992562,-0.16349592681873032,0.6581275232102993,0.8941176470588236
soybean,232,13.599999815225601,1.0,0.12413995159346469,-0.18804594385423992,0.0,0.8941176470588236
soybean,250,44614.700027659535,1.0,0.9008891129566808,0.49128046948629683,0.07811999210921752,0.8941176470588236
soybean,266,3526.3999956846237,1.0,1.2830742303641793,0.04425317391406921,0.9509981849067256,0.8941176470588236
soybean,268,640.1000037491322,1.0,1.437207449097055,-0.2381987590146016,1.0,0.8941176470588236
soybean,276,1822.70001693815,1.0,1.091784570564555,0.09978279677551286,0.7357765951016945,0.8941176470588236
soybean,288,336.3000004738569,1.0,0.3320860887688536,-0.5527831731488098,0.0856378234196977,0.8941176470588236
soybean,300,1863.7000079452991,1.0,1.5887358385993329,-0.3109441512256551,1.0,0.8941176470588236
soybean,320,13385.900002002716,1.0,2.125080204986327,0.11124024471119423,1.0,0.8941176470588236
soybean,324,158.99999836087227,1.0,0.729512452463607,-0.13327633659441482,0.10062893185499165,0.8941176470588236
soybean,328,46.59999942779541,1.0,0.968244410799939,0.22999227086287832,0.30472102969158604,0.8941176470588236
soybean,340,711.2999997884035,1.0,1.8296825535951964,0.16758275647024146,1.0,0.8941176470588236
soybean,348,39608.0999571532,0.9862906826106819,1.3563743028775346,-0.11498773014441696,1.0,0.8941176470588236
soybean,356,9818636.604424596,0.9935871233960236,0.5882235772113972,-0.3412933925478412,0.014442076376794347,0.8941176470588236
soybean,360,625638.3000234142,0.7736580378147794,0.5783043747546699,-0.18070248230457317,0.1344179217955128,0.8941176470588236
soybean,364,76062.50015449524,0.17828233089454246,1.4269247295116259,0.09462192425313865,0.9855802794148327,0.8941176470588236
soybean,368,52.60000063478947,0.9961977186204072,1.6784107591774253,0.18872167842530854,1.0,0.8941176470588236
soybean,376,64.40000057220459,1.0,1.6347211115759197,-0.07755093923512424,1.0,0.8941176470588236
soybean,380,150465.90029922873,1.0,1.0125850338731035,0.3954742743099955,0.6255251188045229,0.8941176470588236
soybean,384,516.3000059276819,1.0,0.99782406646001,-0.3702580927441162,0.5492930457284932,0.8941176470588236
soybean,392,133645.39989107102,1.0,0.7906081670957044,-0.05473067496061781,0.04573071700929377,0.8941176470588236
soybean,398,60401.70002898574,0.9999735106794466,0.21056326037247897,-0.019967198063972697,0.03955848927642437,0.8941176470588236
soybean,404,2131.299988590181,1.0,1.6499496039584922,-1.3325994394010168,0.9408342326356417,0.8941176470588236
soybean,408,288984.40012949705,0.6633146978674858,0.7898934814956498,-0.14775904247711483,0.0,0.8941176470588236
soybean,410,67275.10010695457,0.9971683431210486,0.6943071965036076,-0.2763273649329359,0.0,0.8941176470588236
soybean,417,79.10000079870224,0.9924146649445983,1.2911382966468592,0.062362355584542416,1.0,0.8941176470588236
soybean,418,9748.700026974082,0.996573902161011,0.690435873843686,-0.41290140621373905,0.15702606465237842,0.8941176470588236
soybean,426,366.8999979272485,0.9482147617278953,0.784056330074445,0.11012654089721459,0.022621968486303032,0.8941176470588236
soybean,430,7039.600010484457,1.0,0.8463105128955375,-0.4637930617581324,0.3593243923829688,0.8941176470588236
soybean,450,90.40000163018703,1.0,2.05894466856877,0.3674528065276419,0.9668141593959695,0.8941176470588236
soybean,454,78782.00008934736,1.0,0.46340333666523087,0.20453082490222166,0.0,0.8941176470588236
soybean,458,11.40000008046627,0.6842105316818585,1.603238011345439,-0.172714180219784,1.0,0.8941176470588236
soybean,466,2935.800007045269,1.0,0.2084370342204804,-0.7448916367620712,0.0,0.8941176470588236
soybean,478,2.800000049173832,1.0,0.4893526868420368,-0.9335471050264376,0.0,0.8941176470588236
soybean,484,123899.30027543753,0.8761679827517811,1.4320190532479067,-0.17506441939713133,1.0,0.8941176470588236
soybean,498,57306.6000777781,0.9413837152373669,1.6243674334459992,0.5957527924720765,1.0,0.8941176470588236
soybean,499,8.100000381469727,1.0,1.0752359213976501,-0.02884367084047499,1.0,0.8941176470588236
soybean,504,989.900000885129,1.0,1.0724177622779765,0.08783436031975506,1.0,0.8941176470588236
soybean,508,1159.8999898284674,1.0,0.49613267131344063,0.18574742020689247,0.0,0.8941176470588236
soybean,516,5.599999979138374,0.0,0.9410353450810185,0.0,0.0,0.8941176470588236
soybean,524,25372.499942049384,1.0,0.5999408180121607,0.1494794797307165,0.1287535721848374,0.8941176470588236
soybean,528,0.800000011920929,1.0,0.8438047090692224,-0.03182302653616267,0.0,0.8941176470588236
soybean,558,1739.199998818338,1.0,1.3092435897915726,0.008676686820706683,1.0,0.8941176470588236
soybean,562,593.7000100985169,1.0,-0.018942639567829184,-0.5233978555915464,0.0,0.8941176470588236
soybean,566,491217.60005921125,1.0,0.4855052859034902,-0.4256027717467408,0.3049129348523237,0.8941176470588236
soybean,586,89.20000123977661,0.0,0.9592201399391815,0.0,0.4147982081972679,0.8941176470588236
soybean,591,221.60000124573708,1.0,1.0066183995043172,0.3056005229317497,0.5469314094200175,0.8941176470588236
soybean,600,2611717.3011135384,0.999996515702378,0.9698895850329239,0.029144570243648502,0.401265251616999,0.8941176470588236
soybean,604,1966.3000111281872,1.0,0.48832181987085294,-0.20705278570521934,0.0,0.8941176470588236
soybean,608,503.50001037865877,1.0,0.7532304411595863,-0.5585898212769088,0.18391261199927217,0.8941176470588236
soybean,616,791.000006981194,1.0,1.5719812691994666,0.2342349396096721,0.9944374209052028,0.8941176470588236
soybean,620,3.200000047683716,1.0,1.266857353085039,0.07104484102668251,1.0,0.8941176470588236
soybean,626,888.1999957635999,1.0,0.2112047591141697,0.3715414120060639,0.0,0.8941176470588236
soybean,642,60454.300015449524,0.5060351377353187,1.6958458944481711,0.18984022263905645,1.0,0.8941176470588236
soybean,643,1058255.498950407,0.9998103482288258,0.6256196401392171,0.08962738522697417,0.11742136007159235,0.8941176470588236
soybean,646,59464.09954547882,1.0,0.9190813743093332,0.19478150335582017,0.28329865954601025,0.8941176470588236
soybean,674,6.200000047683716,1.0,1.0321782232264234,0.7275816198993408,1.0,0.8941176470588236
soybean,686,1.2000000327825546,1.0,0.6011599696333224,-0.7066139516394698,0.0,0.8941176470588236
soybean,688,156837.99993065745,0.9999700327586711,1.4519453074958146,0.020552207774633756,1.0,0.8941176470588236
soybean,694,36.499999046325684,1.0,0.6479965523443172,-0.22769621921465552,0.0,0.8941176470588236
soybean,703,13320.499988816679,0.9995120301139987,1.4708518381925426,-0.04099839364579449,1.0,0.8941176470588236
soybean,704,172246.29982293397,0.5132563090163387,0.8168992051335819,0.07726409335810612,0.34528230831798923,0.8941176470588236
soybean,705,269.5999985784292,1.0,1.214156641549302,0.07231367519496307,1.0,0.8941176470588236
soybean,710,320946.19991283864,0.8754439219255874,0.829561337131372,0.3266709977854044,0.04143685141559925,0.8941176470588236
soybean,716,48459.200061775744,1.0,0.7241437082541465,0.18107251045429235,0.0,0.8941176470588236
soybean,724,890.8000055998564,1.0,1.213446123626837,0.15350759073813233,0.9892231700912635,0.8941176470588236
soybean,728,4.400000013411045,1.0,0.8478030014641282,-0.034201623912355095,0.0,0.8941176470588236
soybean,729,25.00000023841858,1.0,0.4558695507326744,-0.2808113356432711,0.0,0.8941176470588236
soybean,740,14.600000098347664,1.0,0.37535415162678937,0.11444828615818106,0.0,0.8941176470588236
soybean,748,570.900007724762,0.9824837977497083,0.9415350357993617,0.34763116405004263,0.0,0.8941176470588236
soybean,756,1108.0999979674816,1.0,0.9472241170500448,0.4311918192233815,0.06660048787043014,0.8941176470588236
soybean,760,1396.3999993428588,1.0,1.5504656289203549,0.0475361390069947,1.0,0.8941176470588236
soybean,762,110.20000158250332,0.9110707797426877,1.2809854799917715,0.09081017951348627,1.0,0.8941176470588236
soybean,764,99444.69987817109,1.0,0.23648073326575922,-0.4065262872262128,0.004623675272753644,0.8941176470588236
soybean,768,4006.1000053957105,1.0,0.8231192095016511,-0.5018881449211919,0.3365118195190022,0.8941176470588236
soybean,792,19912.500045478344,1.0,1.5717937319320645,0.044846202596223544,1.0,0.8941176470588236
soybean,800,152525.80004828423,1.0,1.3625284446281654,-0.4694975309623549,0.996578939461223,0.8941176470588236
soybean,804,881987.7001452819,0.9999739225404553,1.1522189659132198,0.5047679032841381,0.5997664139748524,0.8941176470588236
soybean,807,316.4000041335821,1.0,1.2880090334150556,-0.35632861070113275,1.0,0.8941176470588236
soybean,818,10518.400046102703,1.0,1.5163393859043965,0.02249479929008466,0.8613572406572148,0.8941176470588236
soybean,834,6250.500049062073,1.0,0.5097485276644558,0.08624017519508895,0.021918246368233803,0.8941176470588236
soybean,840,30480037.896977127,0.9095966973193741,0.34697780658657257,-0.23948312422735002,0.0181110568635506,0.8941176470588236
soybean,854,17245.100035384297,1.0,0.13396617046769416,-0.7452786976501657,0.0,0.8941176470588236
soybean,858,752769.0993097425,0.9837141301584712,0.6146405649274395,-0.1839381108688051,0.0003572144516766319,0.8941176470588236
soybean,860,17.19999998062849,0.9360465101697248,1.2320962520826562,0.1026589525579006,1.0,0.8941176470588236
soybean,862,37328.400031007826,1.0,1.4591210379119939,0.3172053187149975,0.9338198262874491,0.8941176470588236
soybean,894,60778.79993620515,1.0,0.3985445956358687,-0.023225495915518445,0.0,0.8941176470588236
