crop,country,m49,share_pct,production_t,classes,H_heat,H_water,snr_heat_mean,snr_water_mean,rainfed_share,S_heat,S_water,S_lit_heat_n,S_lit_water_n,S_emp_heat_n,S_emp_water_n,I,sh_kcal,sh_protein,sh_fat,sh_zinc,sh_iron,D_heat,D_water,E_heat,E_water,E,S,In,F1_multiplicative,F2_geometric,F3_additive,F4_hazard_paired,ES_paired
rice,"China, mainland",156,26.40533792388793,209466200.0,C,0.0,0.0003677053009445321,0.7728304964420695,0.0010624760922447,0.0085757160843404,0.175,0.5,0.35,1.0,0.0,0.0,0.1332549015598614,0.2477616238672192,0.1384880513236155,0.0354127399542291,0.15803560109981,0.0865764915544334,0.7728304964420695,0.0010624760922447,0.0,0.0006736063532536295,0.00033680317662681473,0.3375,0.3162972331846613,3.5953845602017376e-05,0.033005155485324914,0.21804467878709607,5.326495644743314e-05,0.00016840158831340737
rice,India,356,25.13737661259057,199407815.654,A,0.00021710103371790405,0.013059991231709714,1.0489737498969471,-0.001015449542502,0.4693925433937178,0.6588018145731696,0.5,0.35,1.0,0.967603629146339,0.0,0.1555263558048858,0.2471473586345871,0.1798170199888215,0.0265915329930453,0.2088283467470222,0.1152475206609532,1.0489737498969471,0.0,0.0003740627859474168,0.023924847002527762,0.012149454894237589,0.5794009072865848,0.36916132504349236,0.002598676147000196,0.1374835444241179,0.32023722907477153,0.002253518866331768,0.006104428371705167
rice,Bangladesh,50,7.356288289368297,58355388.54,A,0.0,0.0005204843759443371,0.8739644161124844,0.1216591387072473,0.5203394706219764,0.175,0.5,0.35,1.0,0.0,0.0,0.4212964502350365,0.6294227472468559,0.4735408407667547,0.0967927890479168,0.5451281801064827,0.3615976940071726,0.8739644161124844,0.1216591387072473,0.0,0.0009534852543728866,0.0004767426271864433,0.3375,1.0,0.00016090063667542463,0.05439002446882501,0.44599224754239547,0.00023837131359322165,0.00023837131359322165
rice,Brazil,76,1.3736208155976923,10896551.8,A,0.0,0.07613611406181518,1.078378714560337,0.0624447152930002,0.6514312031131433,0.175,0.5,0.35,1.0,0.0,0.0,0.0468301807858957,0.0782757623089585,0.0518404938499141,0.0048619887401496,0.0589816010015791,0.0401910580288771,1.078378714560337,0.0624447152930002,0.0,0.13947519933039557,0.06973759966519778,0.3375,0.11115731157898358,0.002616247381979749,0.13779271867164436,0.17279830374806046,0.0038759220473774053,0.03486879983259889
rice,United States of America,840,1.1653619304435685,9244492.0,C,4.403829976282164e-06,0.0,0.4564235426984944,0.0,0.0,0.3252329181003615,0.5,0.35,1.0,0.3004658362007228,0.0,0.0124995813422382,0.0211863194822836,0.0138563286927847,0.0012683895097575,0.0154791432192723,0.0107077258070929,0.4564235426984944,0.0,7.587752492728002e-06,0.0,3.793876246364001e-06,0.41261645905018074,0.029669325092259446,4.644482976590986e-08,0.003594560451879486,0.14742985933956218,3.6608785675232446e-08,1.23389344251661e-06
rice,Nigeria,566,1.085324836573858,8609580.0,A,8.454633796310845e-05,0.07589725577943217,0.635370508699449,-0.2213876286249508,0.990075589992694,0.175,0.5,0.35,1.0,0.0,0.0,0.0563040794721918,0.083479479355721,0.0745675251657573,0.0107940105024203,0.0759324706374761,0.0367469116995842,0.635370508699449,0.0,0.00014567244650352885,0.1390376302876672,0.06959165136708537,0.3375,0.1336447991450685,0.0031389397658306176,0.14641795179457556,0.1802454835040513,0.0046471175252751126,0.034772153910985856
rice,Russian Federation,643,0.1379154606024451,1094044.982,C,0.0,0.0020911653054008373,1.5823751504709385,0.0008094020551057,0.002561238367715,0.175,0.5,0.35,1.0,0.0,0.0,0.0086491047524208,0.0146331408834498,0.0088663220378311,0.0010746960979172,0.0112773295425576,0.0073940352003484,1.5823751504709385,0.0008094020551057,0.0,0.003830845603267654,0.001915422801633827,0.3375,0.02052973564718042,1.3271554272416908e-05,0.02367594173158504,0.11998171948293808,1.9661561885062085e-05,0.0009577114008169135
wheat,"China, mainland",156,17.313450510824417,137121220.0,C,0.008714135983166555,0.14989708057325135,1.3404965047442132,0.011035945290076,0.3806944452899503,0.3669379952621959,0.44,0.5,0.8800000000000001,0.2338759905243917,0.0,0.1603552322013007,0.1800090727307635,0.1730887523423507,0.0437706481119589,0.2132717674817857,0.1916359203396445,1.3404965047442132,0.011035945290076,0.015014364174900265,0.27459932056716463,0.14480684237103245,0.40346899763109795,0.38062326922488987,0.022237941734848495,0.2812104978944373,0.30963303640900675,0.02404264767910675,0.06316652087001344
wheat,India,356,13.864655574289763,109807024.662,C,0.580386613888992,0.178445364006514,0.9009767495087764,0.0199276595677726,0.2179876214842454,0.4295098088382084,0.44,0.5,0.8800000000000001,0.3590196176764168,0.0,0.22203188467305,0.2109690798487359,0.2381484256484463,0.0405084858309078,0.3257205198137994,0.2948129122233607,0.9009767495087764,0.0199276595677726,1.0,0.3268974654286441,0.663448732714322,0.4347549044191042,0.5270205446762747,0.15201253598622635,0.5336950008526116,0.541741393936567,0.1510822163612271,0.2866723468134059
wheat,Russian Federation,643,11.150339146147571,88309843.62,D,0.07483512893654674,0.3137830525318844,0.5440537182685199,0.0528581403762415,0.9996644572238572,0.3669379952621959,0.44,0.5,0.8800000000000001,0.2338759905243917,0.0,0.3101449996679153,0.2911749833625988,0.2738258358639183,0.0390492511374462,0.4562872584130346,0.4903876695625788,0.5440537182685199,0.0528581403762415,0.12894013601571475,0.5748251580432859,0.35188264702950034,0.40346899763109795,0.7361680818694033,0.10451653502768393,0.47104420773758027,0.49717324217666725,0.11051211860001343,0.15011805227874353
wheat,United States of America,840,6.121690972082722,48483330.0,D,0.07769954354331803,0.3692344383248443,0.2409251518169664,0.0134707682368636,0.9356275311180726,0.3669379952621959,0.44,0.5,0.8800000000000001,0.2338759905243917,0.0,0.1815309453400969,0.1535782396254736,0.1491969932510537,0.0244369812149166,0.2719285948712482,0.3085139177377927,0.2409251518169664,0.0134707682368636,0.13387549210116564,0.6764076091825759,0.4051415506418708,0.40346899763109795,0.4308864820456542,0.07043358997176052,0.4129777066876138,0.41316567677287436,0.0747035117145562,0.17337167636333753
wheat,Egypt,818,1.187702464888749,9406513.79,B,0.07987866571004755,0.0008083307045990167,1.4589098110379302,0.0005370162663823,0.001076902987901,0.3669379952621959,0.44,0.5,0.8800000000000001,0.2338759905243917,0.0,0.3444568483830412,0.3367806726841227,0.3650207047975379,0.0859424173129156,0.4785916237115994,0.4559488234090302,1.4589098110379302,0.0005370162663823,0.13763009655719866,0.001480796433310101,0.06955544649525437,0.40346899763109795,0.8176115611486227,0.022945014474162632,0.28415989175583817,0.430212001758325,0.020911749261784122,0.025576631074548682
wheat,Brazil,76,1.0083187095107944,7985808.0,C,0.0091402109993988,0.0734439536039904,0.962925392340985,0.2502235943982338,0.9995633357146152,0.3669379952621959,0.44,0.5,0.8800000000000001,0.2338759905243917,0.0,0.1334517965169381,0.109354626246029,0.1124644526448099,0.0123219875554289,0.2045157346299223,0.2286021815085002,0.962925392340985,0.2502235943982338,0.015748486923488913,0.13454337924591295,0.07514593308470092,0.40346899763109795,0.3167645880768444,0.009604002745502407,0.212561248286305,0.2651265062642144,0.010291333831469525,0.032488902544159814
maize,United States of America,840,31.03310467359233,370796660.0,D,0.011260531169226025,0.16298275313343052,0.3840218819241101,-0.2505809410923449,0.8461320790989368,0.4629828364291225,0.5,0.3846153846153846,1.0,0.5413502882428605,0.0,0.0197871285570945,0.0214235806122253,0.0119063762536611,0.0032966941644634,0.028898476866396,0.0334105148887267,0.3840218819241101,0.0,0.019401776160502173,0.2985712136850804,0.15898649492279127,0.48149141821456126,0.04696723303995438,0.003595371415584565,0.15319617445835637,0.22914838205910235,0.003716711975256617,0.07913414810054621
maize,"China, mainland",156,23.336758435468685,278837460.0,D,0.008146292084495728,0.08454010696003633,0.7747378883919931,-0.0230175106843092,0.575813336204151,0.4017133626968553,0.6553602918148724,0.3846153846153846,1.0,0.4188113407783261,0.3107205836297448,0.0126424064435061,0.0166362767801489,0.0094730252442354,0.0049577921682607,0.0167831324900237,0.0153618055348618,0.7747378883919931,0.0,0.014035975140622096,0.1548706341919509,0.0844533046662865,0.5285368272558639,0.030008338395571682,0.001339472649296776,0.11023291280161143,0.21433282343924073,0.0016074642067827206,0.05356725139503003
maize,Brazil,76,9.187957681657933,109781604.4,A,0.00422267391598416,0.13582871201441848,0.9907796501736272,0.2104292175056361,0.992229155943202,0.6923076923076923,0.5,0.3846153846153846,1.0,1.0,0.0,0.0669533320386377,0.0723616134101215,0.0497730107678436,0.015439949626194,0.0922049116372268,0.1049871747518027,0.9907796501736272,0.2104292175056361,0.007275622515980032,0.24882720790846527,0.12805141521222266,0.5961538461538461,0.15892213666002927,0.01213185268738225,0.22977831625163483,0.2943757993420327,0.010286280857373053,0.06472528669418633
maize,India,356,2.9338441746966706,35054811.06,A,0.0374338417538277,0.03655672580197195,0.8491421951991289,-0.2283525579160335,0.8501417553345118,0.6923076923076923,0.5,0.3846153846153846,1.0,1.0,0.0,0.0161564561050297,0.0176771439688173,0.0134201463915393,0.0060826815334834,0.0226859373143001,0.0209163713170085,0.8491421951991289,0.0,0.06449811359878728,0.06696896316453653,0.0657335383816619,0.5961538461538461,0.03834937630263962,0.0015028085802340973,0.11454282463959671,0.23341225361271586,0.001498253025436783,0.03906851088302203
maize,South Africa,710,1.2873421930384623,15381709.0,B+M,6.801738322288245e-05,0.36520562730896833,0.8551490179141145,0.263497675582713,0.8942673533399825,0.6923076923076923,0.5,0.3846153846153846,1.0,1.0,0.0,0.225299108175121,0.2166855876757177,0.2198544368041243,0.0725263323214747,0.294836135755032,0.3225930483192564,0.8551490179141145,0.263497675582713,0.00011719323222690974,0.6690271534497345,0.3345721733409807,0.5961538461538461,0.5347757097156389,0.10666448490260248,0.47424920711746577,0.4885005764034886,0.08946656188764202,0.16729735525051218
maize,Russian Federation,643,1.2375395010315509,14786645.372,D,1.7185491890991628e-05,0.545875642604104,1.2034031056413503,0.4843415708821956,0.988168314031539,0.6923076923076923,1.0,0.3846153846153846,1.0,1.0,1.0,0.0017847210427375,0.0019161679652155,0.0011961884224125,0.0004828895567809,0.0025418418873871,0.0027865173818914,1.2034031056413503,0.4843415708821956,2.961042084660936e-05,1.0,0.5000148052104233,0.8461538461538461,0.004236259388707938,0.0017923166572093763,0.12147071290149772,0.45013497025099247,0.0021181731150005014,0.5000102497610623
soybean,Brazil,76,36.3668824833229,134905647.4,A,0.0,0.03775319541448766,1.0752913834957878,0.1291410006090813,0.9975392876400097,0.7633588305369932,0.4179072042181311,1.0,0.6799999999999999,0.5267176610739864,0.1558144084362623,0.0726464710874812,0.0984222383075067,0.0,0.2637359302594249,0.000190360933455,0.0008838259370197,1.0752913834957878,0.1291410006090813,0.0,0.06916079866539886,0.03458039933269943,0.5906330173775621,0.17243551671739119,0.003521879138439085,0.15214516283521987,0.2658829778092176,0.0024919342824317224,0.014451398005874944
soybean,United States of America,840,31.517489900036743,116916466.0,D,1.730298734883717e-05,0.22285096098566434,0.3469778065865725,-0.23948312422735,0.909596697319374,0.6678007585630954,0.4179072042181311,1.0,0.6799999999999999,0.3356015171261908,0.1558144084362623,0.0974850984493982,0.1427250714675631,0.0007077396711499,0.3424991712983641,0.0003058598173512,0.0011876499925629,0.3469778065865725,0.0,2.9812864278338847e-05,0.40824492538731366,0.204137369125796,0.5428539813906132,0.23139311616561778,0.025642240876152852,0.29488453156381506,0.32612815556067565,0.019741119106978823,0.0853142022291159
soybean,Argentina,32,11.43622206059127,42423513.8,C,0.0,0.2611389179199198,0.5490549872311319,0.1879017083523556,0.9961625173384148,0.7633588305369932,0.6109592700281729,1.0,0.6799999999999999,0.5267176610739864,0.5419185400563458,0.0149216032894058,0.0201047490520884,0.0,0.0543173404905386,3.213804251373587e-05,0.0001537888618884,0.5490549872311319,0.1879017083523556,0.0,0.47838536387913283,0.23919268193956641,0.6871590502825831,0.03541829816292354,0.005821472480494723,0.17989162695082234,0.3205900101283577,0.005175923355312754,0.14613698635387842
soybean,"China, mainland",156,5.271257340297187,19554120.0,D,0.0,0.13848515810806966,0.71467647725503,-0.0735646041124031,0.8433606677611296,0.7633588305369932,0.5578618432828856,1.0,0.6799999999999999,0.5267176610739864,0.4357236865657712,0.0579411746680801,0.0389616627958376,0.0365451908162807,0.1177212538983398,0.028391748885948,0.0680860169439944,0.71467647725503,0.0,0.0,0.25369360216811493,0.12684680108405746,0.6606103369099394,0.1375306500583031,0.011524560711737786,0.22587844712464383,0.3083292626841,0.009732080051529745,0.07076299026728983
soybean,India,356,3.708027584563384,13755203.298,A,2.1990536755215435e-08,0.008771277208166403,0.5882235772113972,-0.3412933925478412,0.9935871233960236,0.7633588305369932,0.4179072042181311,1.0,0.6799999999999999,0.5267176610739864,0.1558144084362623,0.0244293091430254,0.0208131459818296,0.0022866996874075,0.0931471682226437,0.0017124085037395,0.0041871233195069,0.5882235772113972,0.0,3.788946234969759e-08,0.01606826999336874,0.008034153941415545,0.5906330173775621,0.057986031283663954,0.0002751574370368614,0.06504197974867987,0.21888440086754724,0.00019469026618446886,0.0033575373564032436
soybean,Russian Federation,643,1.557626450576653,5778130.825999999,D,0.0,0.3248798147876788,0.6256196401392171,0.0896273852269741,0.9998103482288258,0.7633588305369932,0.4179072042181311,1.0,0.6799999999999999,0.5267176610739864,0.1558144084362623,0.0109259979479409,0.013043330864326,0.0001719636420904,0.0405804042876835,0.0002066078241626,0.0006276831214418,0.6256196401392171,0.0896273852269741,0.0,0.5951535284443854,0.2975767642221927,0.5906330173775621,0.02593422741123361,0.004558165113796145,0.1658046416405071,0.3047146696703295,0.003225166868470994,0.12435947357637453
soybean,South Africa,710,0.5386332543549803,1998100.0,C+M,0.0,0.3542870174401136,0.829561337131372,0.3266709977854044,0.8754439219255874,0.7633588305369932,0.4179072042181311,1.0,0.6799999999999999,0.5267176610739864,0.1558144084362623,0.0378892308009728,0.0427268715310314,0.0041239348028451,0.1306971964143204,0.0030465470643159,0.0088516041923512,0.829561337131372,0.3266709977854044,0.0,0.6490251438037876,0.3245125719018938,0.5906330173775621,0.08993484464403825,0.017237617370432876,0.25832062261460065,0.3350268113078314,0.012196616631160182,0.1356161416571557
