years,crop,country,m49,continent,rank,share_pct,production_t,yield_kg_ha,area_ha,kgA,kgB,kgC,kgD,kgE,elev_m,dominant,mountain,classes,small_producer,reason,spam_area_ha
2020-2024,rice,"China, mainland",156,Asia,1,26.405337923887934,209466200.0,7105.5199999999995,29481440.0,0.010286560739104262,0.011076446771951838,0.8555776450926127,0.12295464067968094,0.00010427592175313604,260.3090581781941,C,False,C,False,"core (USA, Brazil, India, China)",29712515.80918184
2020-2024,rice,India,356,Asia,2,25.137376612590575,199407815.65399998,4225.64,47154959.4,0.5055240993314799,0.11846067455280695,0.3741083384978582,0.00163477275293435,0.00027204720193419526,215.70799339546502,A,False,A,False,"core (USA, Brazil, India, China)",42859473.993449226
2020-2024,rice,Bangladesh,50,Asia,3,7.356288289368297,58355388.54,5027.7,11609362.6,0.615644049377815,0.0,0.38435595062218497,0.0,0.0,17.063468329864584,A,False,A,False,world top-3 producer,11061035.190673798
2020-2024,rice,Brazil,76,South America,11,1.3736208155976923,10896551.8,6763.460000000001,1611746.6,0.5282421538462915,0.003709613833037848,0.4679173317422673,0.0,0.0,207.5233094070226,A,False,A,False,"core (USA, Brazil, India, China)",2747887.0995387062
2020-2024,rice,United States of America,840,North America,13,1.1653619304435685,9244492.0,8543.28,1080684.0,0.0,0.0015134567476631695,0.9984865432523369,0.0,0.0,51.8695329908238,C,False,C,False,"core (USA, Brazil, India, China)",1258773.9994643629
2020-2024,rice,Nigeria,566,Africa,14,1.0853248365738581,8609580.0,1941.14,4435580.0,0.8874868385998022,0.11251316140019782,0.0,0.0,0.0,368.3499492683549,A,False,A,False,Africa: largest Africa producer of this crop,2172572.49928993
2020-2024,rice,Russian Federation,643,Europe,39,0.13791546060244514,1094044.982,5783.5,188723.0,0.0,0.09962711962635847,0.5165174780758687,0.3772517126792283,0.0,20.781096780121352,C,False,C,True,Europe: top-3 in Europe for every crop,199903.40054214
2020-2024,wheat,"China, mainland",156,Asia,1,17.313450510824417,137121220.0,5825.76,23536600.0,0.0,0.2187602090617305,0.5075597239780906,0.27341152796628376,0.0002680434583092176,385.97081798661657,C,False,C,False,"core (USA, Brazil, India, China)",24216222.488961175
2020-2024,wheat,India,356,Asia,2,13.864655574289765,109807024.66199999,3515.5199999999995,31234862.0,0.13574304735547854,0.33981930578533837,0.5226537856812612,0.0017723751746990353,1.1486003222814862e-05,255.36039176322973,C,False,C,False,"core (USA, Brazil, India, China)",28521669.993667856
2020-2024,wheat,Russian Federation,643,Europe,3,11.150339146147573,88309843.62,3107.8599999999997,28372928.8,0.0,0.0065535964977223304,0.020788492102236007,0.9726063378595813,2.3819349113711446e-06,177.40413016061942,D,False,D,False,Europe: top-3 in Europe for every crop,24727796.399765402
2020-2024,wheat,United States of America,840,North America,4,6.121690972082722,48483330.0,3232.8599999999997,14986480.0,1.2260605698702824e-05,0.31323737873307517,0.24355497463421558,0.4431953860270106,0.0,646.6813271038764,D,False,D,False,"core (USA, Brazil, India, China)",19305734.600477077
2020-2024,wheat,Egypt,818,Africa,17,1.187702464888749,9406513.790000001,6694.06,1405504.4,0.0,1.0,0.0,0.0,0.0,41.56321748942291,B,False,B,False,Africa: largest Africa producer of this crop,1279502.399179697
2020-2024,wheat,Brazil,76,South America,19,1.0083187095107944,7985808.0,2733.94,2920840.0,0.0457792737536331,0.0,0.9542207262463669,0.0,0.0,566.5827462770503,C,False,C,False,"core (USA, Brazil, India, China)",2247263.7016729712
2020-2024,maize,United States of America,840,North America,1,31.03310467359233,370796660.0,11025.08,33622862.0,0.0,0.056394940509720055,0.11700525772520325,0.8265998017650767,0.0,360.9330627043805,D,False,D,False,"core (USA, Brazil, India, China)",32959735.104880646
2020-2024,maize,"China, mainland",156,Asia,2,23.336758435468685,278837460.0,6433.74,43322740.0,0.0005114760881978544,0.19767742977629696,0.280712852378837,0.5210152950943563,8.031971409579893e-05,428.94549898175416,D,False,D,False,"core (USA, Brazil, India, China)",32356937.786860533
2020-2024,maize,Brazil,76,South America,3,9.187957681657931,109781604.4,5378.6,20362341.6,0.5308728273602284,0.06077002597441117,0.4083516832976015,0.0,0.0,512.4098211706873,A,False,A,False,"core (USA, Brazil, India, China)",13178684.499729909
2020-2024,maize,India,356,Asia,5,2.9338441746966706,35054811.06,3346.28,10457546.8,0.3740368566655935,0.30280358913493366,0.31464153476763024,0.007513333484741804,0.0010033991630030536,435.1195614397329,A,False,A,False,"core (USA, Brazil, India, China)",8548442.601674765
2020-2024,maize,South Africa,710,Africa,8,1.2873421930384625,15381709.0,5698.84,2701802.0,0.0019278412917085868,0.5176912486301675,0.48038091007812395,0.0,0.0,1399.8467727364748,B,True,B+M,False,Africa: largest Africa producer of this crop,2515870.999240637
2020-2024,maize,Russian Federation,643,Europe,9,1.2375395010315509,14786645.372,5601.639999999999,2647310.8,0.0,0.009832962298100455,0.11928646657087681,0.8706321215099074,6.819622421119304e-06,154.7451623655157,D,False,D,False,Europe: top-3 in Europe for every crop,1393039.0003088713
2020-2024,soybean,Brazil,76,South America,1,36.366882483322904,134905647.4,3249.54,41538653.4,0.5923035071651593,0.0002877909855354992,0.4074087018493051,0.0,0.0,531.1708673153173,A,False,A,False,"core (USA, Brazil, India, China)",23045197.49184303
2020-2024,soybean,United States of America,840,North America,2,31.517489900036743,116916466.0,3411.72,34269882.0,3.1895874943679653e-05,0.0017078597295179783,0.2237431284061298,0.7745171159894085,0.0,278.3762367872923,D,False,D,False,"core (USA, Brazil, India, China)",30480430.596989334
2020-2024,soybean,Argentina,32,South America,3,11.43622206059127,42423513.8,2635.66,15955957.6,0.0,0.05562837386169777,0.9443716261383023,0.0,0.0,158.8978837312837,C,False,C,False,world top-3 producer,17924978.39678976
2020-2024,soybean,"China, mainland",156,Asia,4,5.271257340297187,19554120.0,1980.52,9867098.0,0.00033037082842812387,0.06245202747683492,0.32798235056565994,0.6090564705206729,0.00013195991907002645,333.22051467167535,D,False,D,False,"core (USA, Brazil, India, China)",8491972.496733598
2020-2024,soybean,India,356,Asia,5,3.7080275845633843,13755203.297999999,1069.1200000000001,12868588.8,0.7002908022367909,0.10146609348439432,0.19819919797910998,6.141382241821066e-06,3.776491746303155e-05,420.1764193052301,A,False,A,False,"core (USA, Brazil, India, China)",9818636.604424596
2020-2024,soybean,Russian Federation,643,Europe,8,1.557626450576653,5778130.825999999,1718.98,3344129.2,0.0,0.0007469708689603168,0.03892478910689411,0.9602474481083219,0.0,151.57859674585248,D,False,D,False,Europe: top-3 in Europe for every crop,1058274.1989505067
2020-2024,soybean,South Africa,710,Africa,12,0.5386332543549803,1998100.0,2097.7799999999997,951240.0,0.005741460746789294,0.44659416390817774,0.547664375345033,0.0,0.0,1273.119424551207,C,True,C+M,False,Africa: largest Africa producer of this crop,320946.19991283864
