crop,country,m49,s_lit_heat,s_lit_water,b_T_used,b_W_used,T_source,W_source,s_emp_heat,s_emp_water,pooled_T_robust,pooled_W_robust,r2_full_linear,n_fit,b_T_line,full_b_T_line,p_T_line,full_p_T_line,b_W_line,full_b_W_line,p_W_line,full_p_W_line,r2_line,full_r2_line,b_T_quad,full_b_T_quad,p_T_quad,full_p_T_quad,b_W_quad,full_b_W_quad,p_W_quad,full_p_W_quad,r2_quad,full_r2_quad,b_T_firs,full_b_T_firs,p_T_firs,full_p_T_firs,b_W_firs,full_b_W_firs,p_W_firs,full_p_W_firs,r2_firs,full_r2_firs,S_lit_heat_n,S_emp_heat_n,S_heat,S_lit_water_n,S_emp_water_n,S_water
rice,"China, mainland",156,0.07,1.25,0.0,0.0,pooled,pooled,0.0,0.0,False,False,0.03828507146065996,30,-1.409382656294419,-3.0178198700085006,0.3087596171571907,0.19844745058754734,-0.5473931555497941,-0.4112200381809319,0.29642264172828986,0.6439970042598341,0.03745900342960595,0.03828507146065996,-0.16212746675515768,-0.8537172748090012,0.9040345308866076,0.34478721847284377,0.3363960808980995,0.14945751484981754,0.5918964209085991,0.6409120879258449,0.009013751421693694,0.01262262965817551,-0.8587161814911526,-0.682558141053565,0.06368766949797103,0.07016366310496354,0.616462532244745,0.22220964727494433,0.05379047494942696,0.28143437602446875,0.17826948789411423,0.06150671638793603,0.35000000000000003,0.0,0.17500000000000002,1.0,0.0,0.5
rice,India,356,0.07,1.25,-11.360520779595122,0.0,country,pooled,11.360520779595122,0.0,False,False,0.26179787659252074,30,-10.918996774672841,-5.6347162105142585,0.012084804561789876,0.07984007423258929,1.7298203063194937,1.756624843375064,0.055691209260983074,0.00891933415831759,0.3888980608612923,0.26179787659252074,-10.784688859892443,-6.362572870557297,0.012433684281619081,0.061239593711017996,1.7427554898296405,1.564618248226718,0.05470046019804749,0.004036571962440231,0.3840815487502611,0.2591576203054713,-12.377876704220087,-5.543215831198874,0.0074051788724387065,0.1944935095429247,2.0169551702499513,1.7824855703630191,0.005805384247884071,0.0002269433650342248,0.5042465897404842,0.29345019895685054,0.35000000000000003,0.967603629146339,0.6588018145731696,1.0,0.0,0.5
rice,Bangladesh,50,0.07,1.25,0.0,0.0,pooled,pooled,0.0,0.0,False,False,0.017936110170724273,30,-5.080123949916925,0.11631443326042164,0.20309377510589022,0.977401879257716,-0.036395225033063076,-0.3394231381106104,0.8967184000111396,0.37616401292000456,0.11920974478405189,0.017936110170724273,-4.719472253783943,-2.6784209389105063,0.21067092996786485,0.3819878025655437,-0.039966538099371195,-0.06734944754696211,0.8739877528956486,0.7329656803185013,0.1240809959623348,0.03880403563664836,-4.092959916963554,-2.80736822849997,0.3178030862267028,0.13630396054442637,-0.04707988696975559,-0.07327029619939643,0.8423126082706927,0.5238573774702684,0.15944519883483677,0.10575311565426104,0.35000000000000003,0.0,0.17500000000000002,1.0,0.0,0.5
rice,Brazil,76,0.07,1.25,0.0,0.0,pooled,pooled,0.0,0.0,False,False,0.007640923878460382,30,-15.657960662088096,-7.921740626932578,0.10512287667358859,0.7582587293334737,2.2152957465791614,2.6720482884331274,0.2088638860782191,0.6811665773934684,0.24827443393543425,0.007640923878460382,-2.7462563287713873,-4.525035030655835,0.4388682638993467,0.028248365012246188,2.2020369516771536,1.3929920062108803,0.002506748815388051,0.016996841786653057,0.3136784372750505,0.23476522910224495,-5.240113276549427,-6.172188875490969,0.34781737630349696,0.005320123554403385,2.1046617335924176,1.700209297083024,0.015865115927059015,0.006792527565476349,0.23905896476149247,0.29852712971723727,0.35000000000000003,0.0,0.17500000000000002,1.0,0.0,0.5
rice,United States of America,840,0.07,1.25,-3.527734159831775,0.0,country,pooled,3.527734159831775,0.0,False,False,0.26436630055971444,30,-3.874892672347909,-3.5165058984753945,0.0005705356281630518,1.8285637769679382e-05,0.0,0.0,1.0,1.0,0.2796385744311738,0.26436630055971444,-3.7839997121572937,-3.5480659642953163,0.00045632457796376504,2.5636018370528043e-05,0.0,0.0,1.0,1.0,0.27208295709956754,0.2614629316255378,-2.924310094990123,-2.8726719034801445,1.9356715519666865e-05,1.6526147955154964e-09,0.0,0.0,1.0,1.0,0.41135560509115,0.4147949950717782,0.35000000000000003,0.30046583620072287,0.3252329181003615,1.0,0.0,0.5
rice,Nigeria,566,0.07,1.25,0.0,0.0,pooled,pooled,0.0,0.0,False,False,0.04179584312828444,30,3.4250988145049215,0.7069931132704131,0.6636154475061208,0.9163568870947694,-4.272468449598233,-3.501060125074789,0.2745169719454249,0.19421290237372832,0.10602256217519712,0.04179584312828444,5.366778934722509,1.156164509364905,0.32976038809046004,0.8608231653218587,-0.07597684600199966,-3.9584740434766643,0.9779879460105125,0.11848839009143544,0.059136378967984515,0.05670849852695292,6.689515197028153,6.7953105110550425,0.18321950908716195,0.08674673773396424,0.856164187479087,1.114990033447348,0.8547580683591074,0.580218419286393,0.04780805219508599,0.04951624919880371,0.35000000000000003,0.0,0.17500000000000002,1.0,0.0,0.5
rice,Russian Federation,643,0.07,1.25,0.0,0.0,pooled,pooled,0.0,0.0,False,False,0.16964588232845212,9,6.0319285192953975,1.0977136184643006,0.7816911715539745,0.7119342669599579,-4.324473747060461,-11.01464535724783,0.8427710875503677,0.07225296702412629,0.18917460781358264,0.16964588232845212,-5.088803354826531,0.2538278766278339,0.7890620418783683,0.932316301004751,-18.023733897841637,-11.684248029921491,0.4701035293390049,0.04488390652605105,0.2592514554543708,0.13870002658573932,-3.2255313816576745,2.0273391640813103,0.8793751475624084,0.25467661813320946,-13.798263938740831,-5.0020732389825575,0.6520406099712452,0.27033322590951253,0.16221408869466292,0.12315904117198351,0.35000000000000003,0.0,0.17500000000000002,1.0,0.0,0.5
wheat,"China, mainland",156,0.1,1.1,-2.7459105879385977,0.0,pooled,pooled,2.7459105879385977,0.0,True,False,0.02275967323075412,30,-1.840198746534546,-1.1281033811120438,0.39472963757329715,0.2844284764500786,0.28629467419835464,-0.12101287418222843,0.8721865463018806,0.9278489783559603,0.033828605179287874,0.02275967323075412,-1.999674754594851,-1.0179818818282338,0.29665917128249814,0.31775246779672245,0.20481448039491776,0.1906303336953035,0.8893033314322992,0.8720313127121166,0.039376135669028756,0.022330830468318963,2.002801986751341,0.8458088235383447,0.16718062615859938,0.1536445340708331,-1.6610485229032146,-1.2782345055660551,0.25864699863016616,0.15673972973243022,0.10010184352480866,0.055357026238460616,0.5,0.23387599052439176,0.3669379952621959,0.8800000000000001,0.0,0.44000000000000006
wheat,India,356,0.1,1.1,-4.215207243996788,0.0,country,pooled,4.215207243996788,0.0,True,False,0.1283489846691258,30,-4.576089583089651,-3.7365891157488678,0.015858840650064678,0.0046158513098102484,-2.8375770767395454,-2.375482545935355,0.18645273180527627,0.1758999312603981,0.19285720136734352,0.1283489846691258,-3.9798188377852632,-4.369550884744907,0.011590373051971475,0.00034290584330714163,-1.4049236140335437,-3.406869341733889,0.4103314635993295,0.03405966248472979,0.15546487455433078,0.20832842019562492,-4.0897133111154504,-2.9146376883681153,0.009508430934619384,0.010236788591798926,0.935828082103476,-1.6435658418552745,0.6546367129635717,0.31544416514301254,0.3856786250296843,0.166228094818329,0.5,0.3590196176764168,0.42950980883820844,0.8800000000000001,0.0,0.44000000000000006
wheat,Russian Federation,643,0.1,1.1,-2.7459105879385977,0.0,pooled,pooled,2.7459105879385977,0.0,True,False,0.18519849675744882,9,0.24887193943997868,2.074723093952036,0.9693669786548631,0.10008245385459262,5.528609574529508,8.027464784979019,0.3195245909018238,0.036576305244029904,0.11227965774016002,0.18519849675744882,-1.2306305708545575,1.68795380984471,0.8218796330839057,0.23879123345556294,1.9443724271057192,8.052178428615251,0.6954674967958637,0.007078069246785967,0.04892415854785326,0.2459889974772076,0.5370956227007413,1.622548513637647,0.9089021557687581,0.13103048500644254,6.77033050708163,9.778775640980694,0.44914951094129413,0.008982111929640525,0.14933680904478175,0.2966730072532209,0.5,0.23387599052439176,0.3669379952621959,0.8800000000000001,0.0,0.44000000000000006
wheat,United States of America,840,0.1,1.1,-2.7459105879385977,0.0,pooled,pooled,2.7459105879385977,0.0,True,False,0.13470437841026417,30,-0.13480349410413142,0.7955065046490348,0.9267165726501976,0.4023161938175548,1.849998950950302,3.275434860012838,0.3454005166956703,0.02447040402993689,0.05790065556228052,0.13470437841026417,-0.13848276247475702,0.8519471647580964,0.9241875868639738,0.3609149700170369,1.8354898890068954,3.453380150027151,0.34838396498929985,0.010417935930463853,0.05748547168654927,0.14914959898366398,-0.25643813106231206,0.7183426555224727,0.8084661585809239,0.3174200599103062,0.7098377401361685,2.392925900950459,0.5721844411470111,0.010722838928336975,0.024484582738298788,0.09560022225028875,0.5,0.23387599052439176,0.3669379952621959,0.8800000000000001,0.0,0.44000000000000006
wheat,Egypt,818,0.1,1.1,-2.7459105879385977,0.0,pooled,pooled,2.7459105879385977,0.0,True,False,0.04367453583953995,30,0.8667685451561695,-1.6934237659912381,0.7248098214262676,0.23202843950627497,2.097048914418798,0.4811069935879702,0.21600919635190952,0.7396277540797498,0.033109474432875596,0.04367453583953995,0.18129044464245783,0.030228633551932563,0.8882903351263196,0.9808262185201514,2.863894357912063,0.9575463302470512,0.005256538600090484,0.3895550425040536,0.1511455765486881,0.010083090015971519,-0.9553528880087468,-1.3859497867399018,0.4904731287101191,0.034394854703717885,0.16548691964626275,-0.4867371889012249,0.8575711417864654,0.4001046177053002,0.036032579275484755,0.09780844841451275,0.5,0.23387599052439176,0.3669379952621959,0.8800000000000001,0.0,0.44000000000000006
wheat,Brazil,76,0.1,1.1,-2.7459105879385977,-3.83425600792583,pooled,country,2.7459105879385977,0.0,True,False,0.21587441298503207,30,-10.742778278411796,-9.96986520343907,0.07961421160342606,0.007631310124845801,-3.1315562842029343,-2.371384695715386,0.026772017239457713,0.003926096332286503,0.2229779942881458,0.21587441298503207,-11.323386323975281,-10.356289146418508,0.08048653090778549,0.005957216119383947,-3.327738168250872,-2.3553634795647898,0.02890386321961619,0.005085257180162786,0.22476040085327176,0.22196021585661052,-14.885389958185021,-12.290264678004222,0.012409648638994809,0.00017245314110132549,-5.043473571323684,-4.1417530787329735,0.0022933212856114204,1.4444220675673716e-05,0.4072606515458911,0.4059664869150921,0.5,0.23387599052439176,0.3669379952621959,0.8800000000000001,0.0,0.44000000000000006
maize,United States of America,840,0.07692307692307693,1.25,-6.35593027286249,0.0,country,pooled,6.35593027286249,0.0,True,False,0.34367416708832776,30,-5.894256473336879,-4.611673825261277,0.004720451365017714,0.0004827802791546125,0.651011007889802,1.496027429042214,0.8378017921260568,0.4154688295706525,0.3799567326432164,0.34367416708832776,-5.889368420460025,-4.837855724512575,0.0034727824965211287,0.0002668406717423746,0.6710178644084058,1.5387890407060836,0.831606281629734,0.37573473794809265,0.3799704869673356,0.37500329885526695,-7.284165924790563,-5.576072413398258,0.0007632026243044428,0.00032322785040152696,0.2097005094354301,1.2135515738141478,0.9282267957934395,0.4878562781631736,0.4535182497058914,0.37205637570946226,0.38461538461538464,0.5413502882428605,0.4629828364291225,1.0,0.0,0.5
maize,"China, mainland",156,0.07692307692307693,1.25,-4.917214855673808,3.624439360248091,country,country,4.917214855673808,3.624439360248091,True,False,0.21644478692124802,30,-5.484212941315061,-5.696467241950564,0.002465688506571336,0.041811865886754854,3.562994304023209,2.54012555772548,0.002971593930960833,0.060955720223678296,0.5690997158935343,0.21644478692124802,-4.9562109143218676,-2.3799932566008555,0.010069095885059545,0.19586994175825084,3.790801500284921,3.5785319732739658,0.0007518201046001026,4.075385949557974e-06,0.5070595461578913,0.38301584159043,-4.311220711384493,-3.270727045706698,0.0004563960711412512,0.008593336846107573,3.5195222764361427,2.52062025407464,0.0002756244098891213,0.001542881452329239,0.5937412517931664,0.3795648520285583,0.38461538461538464,0.4188113407783261,0.40171336269685537,1.0,0.3107205836297448,0.6553602918148724
maize,Brazil,76,0.07692307692307693,1.25,-11.74088277202707,0.0,pooled,pooled,11.74088277202707,0.0,True,False,0.05466054138209131,30,-2.6447235209603903,9.190556162240846,0.5937607686994252,0.4192033593022161,2.054509119091031,-4.464133937231071,0.4242723218105193,0.23175158206835691,0.045571479485346345,0.05466054138209131,-3.2410161577226964,1.0624549392050655,0.4297737560893584,0.7363459537403627,2.0991601888314193,1.6564889901254154,0.34131931010734795,0.2622000619893489,0.07787520461574182,0.02425262345680923,-2.534301080602388,0.21888757864173938,0.31265188312667264,0.9343065880017829,2.043399840478335,0.8901695209892582,0.21776183127713875,0.5422877481465463,0.09411214051373684,0.00895443292046838,0.38461538461538464,1.0,0.6923076923076923,1.0,0.0,0.5
maize,India,356,0.07692307692307693,1.25,-11.74088277202707,0.0,pooled,pooled,11.74088277202707,0.0,True,False,0.08665683171390759,30,-11.243354923908727,-1.0141114437149297,0.09873654300234416,0.8956176128005873,0.2755002785403509,1.6671600034013228,0.7783927271772563,0.15721303428061068,0.2134694950440721,0.08665683171390759,-10.44294937399357,-5.627140502609456,0.1123041517013411,0.2535255660877989,0.33254995568209417,0.590931567005657,0.6939040901127292,0.2562450736875018,0.21171043920331478,0.11597446740324457,-10.807112844141054,-6.307461913517322,0.04784309925204216,0.09913921338225601,0.08801179953609171,0.37027945977257526,0.9160971653609246,0.5087058583183972,0.18980953566575987,0.11184875561545637,0.38461538461538464,1.0,0.6923076923076923,1.0,0.0,0.5
maize,South Africa,710,0.07692307692307693,1.25,-27.81736009904039,0.0,country,pooled,27.81736009904039,0.0,True,False,0.2672778084432994,30,-25.211167959917947,-19.321167665821285,0.0016655626910387215,0.026386266713324568,-3.0214793763295997,1.1976518833565046,0.48351480581695727,0.8095178587556934,0.5562181698749354,0.2672778084432994,-27.182942585952823,-21.779102708042757,0.001049273164529445,0.0002713945585973335,-4.505801149251256,-2.8121392354875683,0.37748721312040123,0.34875379959617564,0.5447657908758632,0.42631169461413754,-31.057969751250393,-24.287282786886227,0.00025940974220644447,2.620746078108668e-05,-1.8520274804229395,-0.058197538003842586,0.7012714455109602,0.9838464618184231,0.6921052890878918,0.5963057140313102,0.38461538461538464,1.0,0.6923076923076923,1.0,0.0,0.5
maize,Russian Federation,643,0.07692307692307693,1.25,-11.74088277202707,33.038021282038216,pooled,country,11.74088277202707,33.038021282038216,True,False,0.49578984733910303,9,6.691816480621166,-11.508049877710093,0.5148827333185655,0.00188660663629933,29.136130996699254,10.856307711693045,0.007991747911396447,0.027308891933333905,0.7908168514765597,0.49578984733910303,7.60000865044886,-9.225861813122389,0.2892619277253133,0.0026089348715418984,33.472214521970265,11.354417494914808,0.0021615311523760705,0.013064228768603348,0.9474102858301584,0.5288234797003604,11.299186244957024,-3.653143376361499,0.3171773934824821,0.11233540874247688,36.50571832744513,17.01499647488435,0.009371101842155236,0.0007415395848232694,0.920153275554704,0.5950697895990567,0.38461538461538464,1.0,0.6923076923076923,1.0,1.0,1.0
soybean,Brazil,76,0.2,0.85,-6.184130312625961,1.8175167806169756,pooled,pooled,6.184130312625961,1.8175167806169756,True,True,0.051030144951869416,30,-3.9878551229738792,-1.7372784426443417,0.47466934607335065,0.6426299226088129,2.780313522106824,1.9786574962290142,0.15675591161246566,0.10082412281232246,0.07506950801078116,0.051030144951869416,-3.377111116669812,-3.1334803897489345,0.5536564229831845,0.35692281924627006,2.989299149433656,3.5552578287939003,0.12294120319899057,0.0014612453943669403,0.08615308864217464,0.1492188155315819,-3.1098394316019857,-2.8027138577194757,0.2708465904932229,0.21145627760407368,3.159342780055844,3.317288627014644,0.059313593806306936,0.0008690441214486201,0.13355004351570743,0.18364006432965774,1.0,0.5267176610739864,0.7633588305369932,0.6799999999999999,0.15581440843626235,0.41790720421813116
soybean,United States of America,840,0.2,0.85,-3.9402580706930412,1.8175167806169756,country,pooled,3.9402580706930412,1.8175167806169756,True,True,0.26090792550089914,30,-3.9480578060157048,-2.5865078525250467,0.03534793816297952,0.01219281323057954,1.1009754325563441,1.655099448758813,0.6697969085604405,0.21021079937050452,0.40285366666367817,0.26090792550089914,-3.912346983837222,-2.8259312839817117,0.03219677427674945,0.006965693176571585,1.1626806980147522,1.7420883826653872,0.6458336965118148,0.13784992274112032,0.4235327896441283,0.3271078579769321,-3.9603694222261967,-2.9173130866024493,0.019338813646407018,0.008277118783267888,1.45156240610806,1.846698462083824,0.5054584361730304,0.18502909825511757,0.3995771290441912,0.3071825578223686,1.0,0.3356015171261908,0.6678007585630954,0.6799999999999999,0.15581440843626235,0.41790720421813116
soybean,Argentina,32,0.2,0.85,-6.184130312625961,6.32127702543481,pooled,country,6.184130312625961,6.32127702543481,True,True,0.541466782533844,30,0.37458189907161804,-2.6876986988925875,0.8439368052462602,0.09865269978307002,6.999655869503088,6.7172846888918585,0.0002249731876038342,2.4264175540440203e-09,0.42575557279040965,0.541466782533844,-2.301715228643357,-2.8244804239014605,0.31954143464755225,0.07501855845408104,6.674355004327384,6.62154960280665,6.161321186042322e-06,1.0593971731441399e-09,0.5090575608168019,0.5375094168190895,-4.921781469697476,-5.528306708478529,0.14315134887494269,0.012258226453817318,5.289820202473959,5.993038406703235,0.0009999444010218908,2.651267697766989e-08,0.5659646230903415,0.6340703967179697,1.0,0.5267176610739864,0.7633588305369932,0.6799999999999999,0.5419185400563458,0.6109592700281729
soybean,"China, mainland",156,0.2,0.85,-6.184130312625961,5.0825537894303965,pooled,country,6.184130312625961,5.0825537894303965,True,True,0.05452896509208849,30,4.027242575051713,-0.49257518551874013,0.14978851797815373,0.8812178711680773,5.001335589866067,2.17978973159843,0.004319291456158707,0.13355726704608997,0.24149780234727147,0.05452896509208849,1.4023289124994416,3.417211540555922,0.6311194954634344,0.15111534735391036,5.06287751193531,3.7365124372759686,0.001888913439939725,0.002449054901719208,0.31708853359668654,0.15903182535899785,4.2108616127703264,3.6928030667939153,0.06967165265813029,0.07640333749740301,5.18344826648981,3.1379267003864815,0.004565930110516558,0.008631784803272318,0.3286120533110135,0.15484891243773757,1.0,0.5267176610739864,0.7633588305369932,0.6799999999999999,0.43572368656577126,0.5578618432828856
soybean,India,356,0.2,0.85,-6.184130312625961,1.8175167806169756,pooled,pooled,6.184130312625961,1.8175167806169756,True,True,0.2818934767156528,30,-16.091573886170817,-16.07988452251486,0.016924830902182768,0.000508443939877826,0.9804857098469135,0.5167073436189688,0.28394937507310736,0.43746146672063735,0.3648509255231963,0.2818934767156528,-15.286379845159694,-15.556303999366763,0.015297237661359509,0.001686782792750648,0.9403093539100286,0.7208526110665884,0.2539479966672153,0.32440865596986634,0.3532595777147972,0.2884241266407297,-10.609907462656096,-10.817533566234001,0.06591538531881773,0.01594063615218862,0.45902385007332425,0.4842025465998091,0.5451131746099807,0.4501547220550706,0.18269479323172166,0.1728615933051889,1.0,0.5267176610739864,0.7633588305369932,0.6799999999999999,0.15581440843626235,0.41790720421813116
soybean,Russian Federation,643,0.2,0.85,-6.184130312625961,1.8175167806169756,pooled,pooled,6.184130312625961,1.8175167806169756,True,True,0.1007160278738406,9,-17.623843561709023,-3.926404172726954,0.40123534471934397,0.330764168379873,14.4240571454522,2.382546087088667,0.7360647697583418,0.38739204119240694,0.4388848536134651,0.1007160278738406,-10.066505414678662,-4.209561580220641,0.46368540737553765,0.1822992164280875,18.052453485246694,0.45714108924790203,0.3081300498290001,0.8345627498160145,0.6104041933257393,0.06463656297314746,-8.228947296598275,-1.865533323636116,0.4833784701860604,0.6942076368938002,16.8569174301464,2.426480174216559,0.4930868086759734,0.1580563180008223,0.4306057163958885,0.07643273962559904,1.0,0.5267176610739864,0.7633588305369932,0.6799999999999999,0.15581440843626235,0.41790720421813116
soybean,South Africa,710,0.2,0.85,-6.184130312625961,1.8175167806169756,pooled,pooled,6.184130312625961,1.8175167806169756,True,True,0.17497232752605973,30,-17.51341878278892,-16.439176010189993,0.01367917901775959,0.001341246956976366,-5.71667828601957,-3.4005186873479984,0.21036871518456624,0.31904540820033306,0.13449521019466848,0.17497232752605973,-11.381985161327076,-17.223179130465063,0.06006439492826686,0.0007185996110350466,1.1436271450377078,-3.3049023650298217,0.831894508961967,0.3551141409679506,0.16660596550737738,0.19423630946982862,-15.145601331665219,-16.228518043039287,0.022219415863124217,0.0004640536049781853,-2.5807033979836667,-1.6872774141627838,0.5171763150715369,0.5397303781510728,0.17238361874705688,0.2588454702452483,1.0,0.5267176610739864,0.7633588305369932,0.6799999999999999,0.15581440843626235,0.41790720421813116
