crop,method,period,b_T,p_T,b_W,p_W,r2,n
rice,linear,fit 1971-2000,-1.3451521017894301,0.39149439953608306,0.21620652748117458,0.4217143371392372,0.006944477128476012,189
rice,linear,full 1971-2024,-1.2926835367788823,0.4339192727362777,0.015973519839124595,0.9766764395178027,0.0007014305355386163,357
rice,quadratic,fit 1971-2000,-0.9816561163786905,0.47615654757604986,0.3591462338292375,0.11080654387512688,0.014008821171112906,189
rice,quadratic,full 1971-2024,-0.9708823266935925,0.3515759708781188,0.06965606314390614,0.6949575010550485,0.0034908493573269084,357
rice,first-difference,fit 1971-2000,-1.0470180017284516,0.3454736015920165,0.4575672477507156,0.030109658982082663,0.02093622176123955,182
rice,first-difference,full 1971-2024,-0.7392569831684181,0.2920733901867147,0.26623594998017924,0.03884262483990486,0.01066877496875418,350
wheat,linear,fit 1971-2000,-2.523783225506979,0.01940263232616474,-1.8872896824303307,0.07973986103172691,0.07503946841311893,159
wheat,linear,full 1971-2024,-1.4485603285399868,0.01734477563728523,-1.2336908030921723,0.07588244284270095,0.036604640255985976,303
wheat,quadratic,fit 1971-2000,-2.9331832094685204,0.005175015107171501,-1.9516256526281501,0.07146202573464724,0.08730201957912698,159
wheat,quadratic,full 1971-2024,-1.234042452490306,0.04341212362338409,-1.2173200668984874,0.08600509474078998,0.03514211199223416,303
wheat,first-difference,fit 1971-2000,-2.7807653288402934,0.0038223766600939627,-3.2230545538330007,0.0029731498971135345,0.1832857296951037,153
wheat,first-difference,full 1971-2024,-1.5189678346772901,0.006464177420425156,-2.57450004575899,0.0005322349710760619,0.1351816822700832,297
maize,linear,fit 1971-2000,-10.996669474051869,1.8230062826649497e-07,1.4788952958873058,0.07910842164114963,0.3472263748133967,159
maize,linear,full 1971-2024,-9.722547901474744,8.195881705094361e-07,1.751415156343199,0.04904219894421799,0.14351976070635675,303
maize,quadratic,fit 1971-2000,-11.192112317130373,3.1611009610302527e-07,1.4318695840191624,0.07688672607580556,0.3433670002719167,159
maize,quadratic,full 1971-2024,-9.167816079258552,4.129699857046145e-11,1.3621103558437135,0.006205161041989536,0.27081449664725255,303
maize,first-difference,fit 1971-2000,-13.033866524898968,1.2762182964227558e-08,1.5158315331988017,0.05708123204490388,0.38791344160769614,153
maize,first-difference,full 1971-2024,-9.86438274383599,4.482511230376631e-11,1.6129126616874523,0.003905199283991188,0.30794654626882856,297
soybean,linear,fit 1971-2000,-5.6343043004571545,0.00015912524593280576,1.8143938168719458,0.012401538465871846,0.1310490975334998,189
soybean,linear,full 1971-2024,-5.997767236068527,7.516663760182532e-08,1.5174385993726989,0.0039000749477944383,0.14331751752298738,357
soybean,quadratic,fit 1971-2000,-6.5583224226306225,6.910376883629245e-06,2.2156262432172427,0.0019381286066858718,0.19117112299054428,189
soybean,quadratic,full 1971-2024,-5.914868528386042,5.43067793750715e-08,1.8277684625236015,0.0015876240964066122,0.16211074768867118,357
soybean,first-difference,fit 1971-2000,-6.359764214790107,0.00013320370620337522,1.422530281761739,0.020241749938037148,0.16839046246546618,182
soybean,first-difference,full 1971-2024,-6.338341767414405,2.6738907271747014e-07,1.6114012167268963,0.0033036276676553316,0.1958631085726058,350
