crop,country,scenario,dY_pct,dTEFF,dMR,ssr,MAR_base,dkcal_pct_upper,dprotein_pct_upper,dfat_pct_upper,dzinc_pct_upper,diron_pct_upper,MAR_upper,dMAR_pts_upper,cut_frac_upper,dkcal_pct_lower,dprotein_pct_lower,dfat_pct_lower,dzinc_pct_lower,diron_pct_lower,MAR_lower,dMAR_pts_lower,cut_frac_lower
rice,"China, mainland",S1 observed climate shift,0.0,0.6465452497640101,-0.03092350482263484,0.9526960272516352,1.0,-0.0,-0.0,-0.0,-0.0,-0.0,1.0,0.0,0.0,-0.0,-0.0,-0.0,-0.0,-0.0,1.0,0.0,0.0
rice,"China, mainland",S2 1-in-10 bad season,0.0,0.6465452497640101,-0.03092350482263484,0.9526960272516352,1.0,-0.0,-0.0,-0.0,-0.0,-0.0,1.0,0.0,0.0,-0.0,-0.0,-0.0,-0.0,-0.0,1.0,0.0,0.0
rice,"China, mainland",S3 standard -10% shock,-10.0,0.6465452497640101,-0.03092350482263484,0.9526960272516352,1.0,-2.3601505096071267,-1.3190720497421884,-0.33721430844426564,-1.5053389156582506,-0.8247016791425981,1.0,0.0,0.09526960272516352,-2.014029804566666,-1.1256275444034456,-0.2877611681833552,-1.2845780088043874,-0.7037575590659494,1.0,0.0,0.08129812847810491
rice,India,S1 observed climate shift,-4.768780343845293,0.41976775857059323,-0.002073400723396901,1.1948539892862249,0.9778476220746062,-1.1781009759517054,-0.8569975744851189,-0.12668915112009432,-0.9951925864439592,-0.5491935657730557,0.9768708943772919,-0.09767276973142724,0.047687803438452935,-0.0,-0.0,-0.0,-0.0,-0.0,0.9778476220746061,-1.1102230246251565e-14,0.0
rice,India,S2 1-in-10 bad season,-3.284666338587428,0.41976775857059323,-0.002073400723396901,1.1948539892862249,0.9778476220746062,-0.8114587672631758,-0.5902874282719666,-0.08726163927543013,-0.6854741366570019,-0.37827651701167947,0.9771748662842341,-0.06727557903720705,0.03284666338587428,-0.0,-0.0,-0.0,-0.0,-0.0,0.9778476220746061,-1.1102230246251565e-14,0.0
rice,India,S3 standard -10% shock,-10.0,0.41976775857059323,-0.002073400723396901,1.1948539892862249,0.9778476220746062,-2.4704450425614426,-1.797100123496318,-0.26566363301593976,-2.086891227289132,-1.1516436618471189,0.9757994512072381,-0.2048170867368082,0.1,-0.0,-0.0,-0.0,-0.0,-0.0,0.9778476220746061,-1.1102230246251565e-14,0.0
rice,Bangladesh,S1 observed climate shift,0.0,0.33386015538231106,-0.08510065639337006,1.0220894694302884,0.9394071173547766,-0.0,-0.0,-0.0,-0.0,-0.0,0.9394071173547764,-1.1102230246251565e-14,0.0,-0.0,-0.0,-0.0,-0.0,-0.0,0.9394071173547764,-1.1102230246251565e-14,0.0
rice,Bangladesh,S2 1-in-10 bad season,0.0,0.33386015538231106,-0.08510065639337006,1.0220894694302884,0.9394071173547766,-0.0,-0.0,-0.0,-0.0,-0.0,0.9394071173547764,-1.1102230246251565e-14,0.0,-0.0,-0.0,-0.0,-0.0,-0.0,0.9394071173547764,-1.1102230246251565e-14,0.0
rice,Bangladesh,S3 standard -10% shock,-10.0,0.33386015538231106,-0.08510065639337006,1.0220894694302884,0.9394071173547766,-6.294158884193987,-4.735453612780301,-0.9679693006500119,-5.450833383396593,-3.615439889402578,0.9343669368252657,-0.5040180529510829,0.1,-6.403264103681172,-4.81753967309429,-0.9847484295133596,-5.545320094587982,-3.678111228009326,0.9342795685187063,-0.512754883607025,0.10173343605546996
rice,Brazil,S1 observed climate shift,0.0,0.6155217640211283,-0.013636367775661906,1.0442912628896384,0.994142359808876,-0.0,-0.0,-0.0,-0.0,-0.0,0.9941423598088761,1.1102230246251565e-14,0.0,-0.0,-0.0,-0.0,-0.0,-0.0,0.9941423598088761,1.1102230246251565e-14,0.0
rice,Brazil,S2 1-in-10 bad season,0.0,0.6155217640211283,-0.013636367775661906,1.0442912628896384,0.994142359808876,-0.0,-0.0,-0.0,-0.0,-0.0,0.9941423598088761,1.1102230246251565e-14,0.0,-0.0,-0.0,-0.0,-0.0,-0.0,0.9941423598088761,1.1102230246251565e-14,0.0
rice,Brazil,S3 standard -10% shock,-10.0,0.6155217640211283,-0.013636367775661906,1.0442912628896384,0.994142359808876,-0.7829086061811357,-0.5185326831755744,-0.04862619204985365,-0.58971797368306,-0.4019186305988237,0.99336206549492,-0.0780294313955987,0.1,-0.0,-0.0,-0.0,-0.0,-0.0,0.9941423598088761,1.1102230246251565e-14,0.0
rice,United States of America,S1 observed climate shift,-1.3572660625203339,0.38474159361970095,0.0,1.4297653004890492,1.0,-0.02876651349548355,-0.018812417989348636,-0.0017235283198171233,-0.02101386898025878,-0.014535871134465354,1.0,0.0,0.013572660625203339,-0.0,-0.0,-0.0,-0.0,-0.0,1.0,0.0,0.0
rice,United States of America,S2 1-in-10 bad season,-2.6684813413096555,0.38474159361970095,0.0,1.4297653004890492,1.0,-0.05655700576104269,-0.036986548014231256,-0.003388578915846775,-0.04131475679751347,-0.028578553588804036,1.0,0.0,0.026684813413096555,-0.0,-0.0,-0.0,-0.0,-0.0,1.0,0.0,0.0
rice,United States of America,S3 standard -10% shock,-10.0,0.38474159361970095,0.0,1.4297653004890492,1.0,-0.21194454270864513,-0.13860523377719683,-0.012698529547085778,-0.15482497912927784,-0.10709669633581945,1.0,0.0,0.1,-0.0,-0.0,-0.0,-0.0,-0.0,1.0,0.0,0.0
rice,Nigeria,S1 observed climate shift,0.0,0.3315594257044694,0.029633874431498564,0.999176289098231,0.9811184015086504,-0.0,-0.0,-0.0,-0.0,-0.0,0.9811184015086504,0.0,0.0,-0.0,-0.0,-0.0,-0.0,-0.0,0.9811184015086504,0.0,0.0
rice,Nigeria,S2 1-in-10 bad season,0.0,0.3315594257044694,0.029633874431498564,0.999176289098231,0.9811184015086504,-0.0,-0.0,-0.0,-0.0,-0.0,0.9811184015086504,0.0,0.0,-0.0,-0.0,-0.0,-0.0,-0.0,0.9811184015086504,0.0,0.0
rice,Nigeria,S3 standard -10% shock,-10.0,0.3315594257044694,0.029633874431498564,0.999176289098231,0.9811184015086504,-0.8338687078018124,-0.7448238262014243,-0.10784189353792875,-0.7583601912564054,-0.36702502035053985,0.9804536516586546,-0.06647498499957605,0.0999176289098231,-0.8319326670707547,-0.7430945260712041,-0.10759151083805,-0.7565994629722664,-0.36617287734281245,0.980455195046449,-0.06632064622014155,0.09968564442892072
rice,Russian Federation,S1 observed climate shift,0.0,1.7341644898052202,-0.01920817110843831,0.7946860854727342,1.0,-0.0,-0.0,-0.0,-0.0,-0.0,1.0,0.0,0.0,-0.0,-0.0,-0.0,-0.0,-0.0,1.0,0.0,0.0
rice,Russian Federation,S2 1-in-10 bad season,0.0,1.7341644898052202,-0.01920817110843831,0.7946860854727342,1.0,-0.0,-0.0,-0.0,-0.0,-0.0,1.0,0.0,0.0,-0.0,-0.0,-0.0,-0.0,-0.0,1.0,0.0,0.0
rice,Russian Federation,S3 standard -10% shock,-10.0,1.7341644898052202,-0.01920817110843831,0.7946860854727342,1.0,-0.11636651694890873,-0.07051280244850798,-0.008546160349216124,-0.08963837132687573,-0.05873715336821097,1.0,0.0,0.07946860854727343,-0.0,-0.0,-0.0,-0.0,-0.0,1.0,0.0,0.0
wheat,"China, mainland",S1 observed climate shift,-3.683653399950087,1.3415052245803345,-0.00829372330836553,0.8991828851212093,1.0,-0.5962585765452516,-0.5733234178265784,-0.1449542214947876,-0.7065246629269953,-0.6348501643612233,1.0,0.0,0.03312278091953671,-0.5193840401152342,-0.4994058697968999,-0.1262655367205567,-0.6154337200451617,-0.5530000845341778,1.0,0.0,0.028852320873132397
wheat,"China, mainland",S2 1-in-10 bad season,-3.9513888636958217,1.3415052245803345,-0.00829372330836553,0.8991828851212093,1.0,-0.6395958694908576,-0.6149937365243604,-0.15548979080604117,-0.7578763205718545,-0.6809923728454991,1.0,0.0,0.03553021238693826,-0.5626912559570462,-0.5410472683103461,-0.13679379409813447,-0.6667497384280363,-0.5991102692370971,1.0,0.0,0.031258081526295195
wheat,"China, mainland",S3 standard -10% shock,-10.0,1.3415052245803345,-0.00829372330836553,0.8991828851212093,1.0,-1.6186609102618903,-1.5563989213381118,-0.3935066787139955,-1.9179998393349622,-1.7234253482421158,1.0,0.0,0.08991828851212093,-1.5410768024899504,-1.481799095714541,-0.3746454926701655,-1.826068104097437,-1.6408197715538668,1.0,0.0,0.08560841104342734
wheat,India,S1 observed climate shift,-3.2355780617171868,0.7675964370020552,-0.010525317850354765,1.0072482664314355,0.9778476220746062,-0.6827403023946963,-0.7707492359430596,-0.13106397535494946,-1.0541393895434834,-0.9541082917780316,0.9761507631656622,-0.1696858908943999,0.03235578061717187,-0.0,-0.0,-0.0,-0.0,-0.0,0.9778476220746061,-1.1102230246251565e-14,0.0
wheat,India,S2 1-in-10 bad season,-4.127866695784048,0.7675964370020552,-0.010525317850354765,1.0072482664314355,0.9778476220746062,-0.8710223961120841,-0.9833019142680932,-0.1672080254486673,-1.3448437329623022,-1.217226649049456,0.9756828134240132,-0.21648086505929864,0.04127866695784048,-0.0,-0.0,-0.0,-0.0,-0.0,0.9778476220746061,-1.1102230246251565e-14,0.0
wheat,India,S3 standard -10% shock,-10.0,0.7675964370020552,-0.010525317850354765,1.0072482664314355,0.9778476220746062,-2.11010301520079,-2.3821067557059874,-0.40507128202430426,-3.2579630886235837,-2.948803192439953,0.9726032457171916,-0.5244376357414593,0.1,-1.1125834071267764,-1.2560014517352305,-0.2135798981553169,-1.7178098165454654,-1.554800632555359,0.9750824461216056,-0.27651759530006315,0.052726497195252194
wheat,Russian Federation,S1 observed climate shift,-3.122816174479347,1.1372606916613766,-0.007369690712169308,1.784965615466259,1.0,-0.9091414205470899,-0.854965592305387,-0.12190695215335426,-1.4248884655989327,-1.5313735052881303,1.0,0.0,0.031228161744793467,-0.0,-0.0,-0.0,-0.0,-0.0,1.0,0.0,0.0
wheat,Russian Federation,S2 1-in-10 bad season,-4.75880841687804,1.1372606916613766,-0.007369690712169308,1.784965615466259,1.0,-1.3854257191277919,-1.3028680618648123,-0.18577200756303036,-2.1713641931981997,-2.3336350009664577,1.0,0.0,0.047588084168780395,-0.0,-0.0,-0.0,-0.0,-0.0,1.0,0.0,0.0
wheat,Russian Federation,S3 standard -10% shock,-10.0,1.1372606916613766,-0.007369690712169308,1.784965615466259,1.0,-2.91128702347863,-2.737803138373752,-0.3903750504100013,-4.5628317069815925,-4.90382212633265,1.0,0.0,0.1,-0.0,-0.0,-0.0,-0.0,-0.0,1.0,0.0,0.0
wheat,United States of America,S1 observed climate shift,-1.084685186829349,0.39501839265773064,0.00013971083192199085,1.2493722009530168,1.0,-0.16658579839529186,-0.16183291502976346,-0.02650978022543341,-0.29497367105253774,-0.33465677168208646,1.0,0.0,0.01084685186829349,-0.0,-0.0,-0.0,-0.0,-0.0,1.0,0.0,0.0
wheat,United States of America,S2 1-in-10 bad season,-4.843969921736389,0.39501839265773064,0.00013971083192199085,1.2493722009530168,1.0,-0.7439362191107246,-0.7227108678809921,-0.11838695651335046,-1.3172887466632777,-1.494504908721011,1.0,0.0,0.04843969921736389,-0.0,-0.0,-0.0,-0.0,-0.0,1.0,0.0,0.0
wheat,United States of America,S3 standard -10% shock,-10.0,0.39501839265773064,0.00013971083192199085,1.2493722009530168,1.0,-1.5357985931589977,-1.4919805026822428,-0.24440068461637557,-2.719440392790625,-3.085289406969077,1.0,0.0,0.1,-0.0,-0.0,-0.0,-0.0,-0.0,1.0,0.0,0.0
wheat,Egypt,S1 observed climate shift,-3.583354960078246,1.3049787476031156,-0.048866857417625725,0.5639656192849886,1.0,-0.6806138376436894,-0.7376319528782591,-0.1733933554386259,-0.9672114812109878,-0.9212601186227254,1.0,0.0,0.020208889991784638,-0.0,-0.0,-0.0,-0.0,-0.0,1.0,0.0,0.0
wheat,Egypt,S2 1-in-10 bad season,-3.2742335500031516,1.3049787476031156,-0.048866857417625725,0.5639656192849886,1.0,-0.6219000592005833,-0.6739994543034613,-0.15843541821834287,-0.8837740935550819,-0.841786767506991,1.0,0.0,0.018465551517112138,-0.0,-0.0,-0.0,-0.0,-0.0,1.0,0.0,0.0
wheat,Egypt,S3 standard -10% shock,-10.0,1.3049787476031156,-0.048866857417625725,0.5639656192849886,1.0,-1.899375990451215,-2.058495351691734,-0.4838855133537752,-2.69917854074347,-2.5709429539813398,1.0,0.0,0.05639656192849886,-0.155573917969513,-0.16860705231334192,-0.03963405115132177,-0.22108407339767305,-0.21058056447895462,1.0,0.0,0.004619324527284633
wheat,Brazil,S1 observed climate shift,1.1191221867664791,0.8575136741031244,-0.09059849046614765,0.6873329059853152,0.994142359808876,-0.0,-0.0,-0.0,-0.0,-0.0,0.9941423598088761,1.1102230246251565e-14,0.0,-0.0,-0.0,-0.0,-0.0,-0.0,0.9941423598088761,1.1102230246251565e-14,0.0
wheat,Brazil,S2 1-in-10 bad season,-16.814668058019056,0.8575136741031244,-0.09059849046614765,0.6873329059853152,0.994142359808876,-1.263778936178617,-1.2994889568379493,-0.14240622633031047,-2.363381060583279,-2.6418541909570243,0.9890134017398424,-0.5128958069033573,0.11557274659496693,-0.0,-0.0,-0.0,-0.0,-0.0,0.9941423598088761,1.1102230246251565e-14,0.0
wheat,Brazil,S3 standard -10% shock,-10.0,0.8575136741031244,-0.09059849046614765,0.6873329059853152,0.994142359808876,-0.7515931517755478,-0.7728305740880874,-0.08469166672748903,-1.4055472593502452,-1.5711604783640682,0.9910920717797955,-0.30502880290804724,0.06873329059853152,-0.0,-0.0,-0.0,-0.0,-0.0,0.9941423598088761,1.1102230246251565e-14,0.0
maize,United States of America,S1 observed climate shift,-2.811419889552395,0.44233019697464826,0.05314689905802106,1.1984379183639768,1.0,-0.06019614598274762,-0.03345561342304269,-0.00926153744648911,-0.0812057519719599,-0.09385023500583765,1.0,0.0,0.028114198895523954,-0.0,-0.0,-0.0,-0.0,-0.0,1.0,0.0,0.0
maize,United States of America,S2 1-in-10 bad season,-4.589070936801939,0.44233019697464826,0.05314689905802106,1.1984379183639768,1.0,-0.09825796035073743,-0.05460948177933304,-0.015117575458482196,-0.13255186735375865,-0.1531914131637913,1.0,0.0,0.04589070936801939,-0.0,-0.0,-0.0,-0.0,-0.0,1.0,0.0,0.0
maize,United States of America,S3 standard -10% shock,-10.0,0.44233019697464826,0.05314689905802106,1.1984379183639768,1.0,-0.21411296906038257,-0.11899899245704328,-0.03294256215838195,-0.2888424894258275,-0.33381792365700136,1.0,0.0,0.1,-0.0,-0.0,-0.0,-0.0,-0.0,1.0,0.0,0.0
maize,"China, mainland",S1 observed climate shift,-2.810435146333947,0.6367701232948626,0.008848275049050391,0.9237842633734883,1.0,-0.043194874567763775,-0.024596129958271803,-0.012872566527003741,-0.04357817753984604,-0.03988826824742702,1.0,0.0,0.02596235761415067,-0.042085631858282596,-0.023964502291547982,-0.012541999516096235,-0.042459091624855894,-0.03886393906045657,1.0,0.0,0.025295645274026595
maize,"China, mainland",S2 1-in-10 bad season,-4.3918778668556255,0.6367701232948626,0.008848275049050391,0.9237842633734883,1.0,-0.06750079745594849,-0.03843646736162855,-0.02011600947039133,-0.06809978649207124,-0.06233355097753915,1.0,0.0,0.04057147660059551,-0.06639448592885226,-0.03780650877586847,-0.01978631598535074,-0.06698365777021226,-0.06131192858831781,1.0,0.0,0.03990652605295428
maize,"China, mainland",S3 standard -10% shock,-10.0,0.6367701232948626,0.008848275049050391,0.9237842633734883,1.0,-0.15369461424544534,-0.08751715900776452,-0.04580275244492039,-0.15505847055994618,-0.14192915392286848,1.0,0.0,0.09237842633734883,-0.15259869729577902,-0.08689311932742748,-0.04547615666280927,-0.15395282865498908,-0.14091713039686857,1.0,0.0,0.09171972346930345
maize,Brazil,S1 observed climate shift,-7.020287892158825,0.5979352684522858,-0.049984548643956295,1.5478535641622375,0.994142359808876,-0.5078978905649232,-0.34925803613028417,-0.10837664718798677,-0.6471228611367704,-0.7368753761306492,0.9927117725648055,-0.14305872440705247,0.07020287892158825,-0.0,-0.0,-0.0,-0.0,-0.0,0.9941423598088761,1.1102230246251565e-14,0.0
maize,Brazil,S2 1-in-10 bad season,-6.087707201727825,0.5979352684522858,-0.049984548643956295,1.5478535641622375,0.994142359808876,-0.44042832624968686,-0.3028623176816501,-0.09397980620172781,-0.5611585397438152,-0.6389882584526015,0.9929018129250146,-0.12405468838614375,0.060877072017278246,-0.0,-0.0,-0.0,-0.0,-0.0,0.9941423598088761,1.1102230246251565e-14,0.0
maize,Brazil,S3 standard -10% shock,-10.0,0.5979352684522858,-0.049984548643956295,1.5478535641622375,0.994142359808876,-0.7234715988388594,-0.4974981674474934,-0.15437635728448681,-0.9217896346666379,-1.0496369770728178,0.9921045698121602,-0.20377899967157775,0.1,-0.0,-0.0,-0.0,-0.0,-0.0,0.9941423598088761,1.1102230246251565e-14,0.0
maize,India,S1 observed climate shift,-4.587243407104574,0.3907068570715815,0.10974789967960219,1.1542080082261255,0.9778476220746062,-0.0812720828480121,-0.06168639078300072,-0.027993068295235443,-0.10428654955984962,-0.09615240137247477,0.9776766173151975,-0.01710047594086772,0.04587243407104574,-0.0,-0.0,-0.0,-0.0,-0.0,0.9778476220746061,-1.1102230246251565e-14,0.0
maize,India,S2 1-in-10 bad season,-2.652690141998749,0.3907068570715815,0.10974789967960219,1.1542080082261255,0.9778476220746062,-0.04699764844759035,-0.03567172399705586,-0.016187703533686933,-0.06030634902260171,-0.05560257100271553,0.9777487342242654,-0.009888785034073422,0.02652690141998749,-0.0,-0.0,-0.0,-0.0,-0.0,0.9778476220746061,-1.1102230246251565e-14,0.0
maize,India,S3 standard -10% shock,-10.0,0.3907068570715815,0.10974789967960219,1.1542080082261255,0.9778476220746062,-0.1771697632659748,-0.1344737684672735,-0.06102372560366142,-0.22734034430859715,-0.20960823928278374,0.9774748388053693,-0.03727832692368427,0.1,-0.0,-0.0,-0.0,-0.0,-0.0,0.9778476220746061,-1.1102230246251565e-14,0.0
maize,South Africa,S1 observed climate shift,-26.762624975093086,0.9620835650761954,-0.05853849532025268,1.3598049966260326,0.9643372765894331,-5.799293557234925,-5.883182665792218,-1.9403945084900507,-7.890670030951182,-8.632716977327155,0.95015050461322,-1.4186771976213097,0.26762624975093086,-0.0,-0.0,-0.0,-0.0,-0.0,0.964337276589433,-1.1102230246251565e-14,0.0
maize,South Africa,S2 1-in-10 bad season,-23.7565627924433,0.9620835650761954,-0.05853849532025268,1.3598049966260326,0.9643372765894331,-5.147898671093798,-5.22236509121881,-1.7224432964239045,-7.0043651637012205,-7.663063063960547,0.9517440074467896,-1.2593269142643582,0.237565627924433,-0.0,-0.0,-0.0,-0.0,-0.0,0.964337276589433,-1.1102230246251565e-14,0.0
maize,South Africa,S3 standard -10% shock,-10.0,0.9620835650761954,-0.05853849532025268,1.3598049966260326,0.9643372765894331,-2.166937496838258,-2.198283117320316,-0.7250389340716387,-2.9483916612420176,-3.225661528105439,0.9590363122821515,-0.5300964307281664,0.1,-0.0,-0.0,-0.0,-0.0,-0.0,0.964337276589433,-1.1102230246251565e-14,0.0
maize,Russian Federation,S1 observed climate shift,-38.1169895177833,1.5756250935396032,-0.05937934307384268,1.2752339821524477,1.0,-0.07315701257441863,-0.045675137225303815,-0.018446183931176217,-0.09693709967052867,-0.10612616916030249,1.0,0.0,0.381169895177833,-0.04786224802128245,-0.029882504347205078,-0.012068232412607741,-0.06342013354051301,-0.0694319908803266,1.0,0.0,0.24937661365941383
maize,Russian Federation,S2 1-in-10 bad season,-31.383879265527277,1.5756250935396032,-0.05937934307384268,1.2752339821524477,1.0,-0.060234317534207424,-0.0376069309315876,-0.015187789401249924,-0.07981381192213259,-0.08737969398884342,1.0,0.0,0.31383879265527276,-0.03140635493930529,-0.019608367279078536,-0.007918959227988048,-0.041615162400767715,-0.04556003614290152,1.0,0.0,0.16363649360278637
maize,Russian Federation,S3 standard -10% shock,-10.0,1.5756250935396032,-0.05937934307384268,1.2752339821524477,1.0,-0.01919275721926769,-0.011982881597717546,-0.0048393601290496035,-0.025431467935132474,-0.02784222219616526,1.0,0.0,0.1,-0.0,-0.0,-0.0,-0.0,-0.0,1.0,0.0,0.0
soybean,Brazil,S1 observed climate shift,-4.2774450733603375,0.6105336773751482,-0.027610487978841913,2.517996230758932,0.994142359808876,-0.4209985831789345,-0.0,-1.128125148821052,-0.0008142358718649112,-0.003780511124781486,0.9941350202353656,-0.0007339573510400932,0.04277445073360338,-0.0,-0.0,-0.0,-0.0,-0.0,0.9941423598088761,1.1102230246251565e-14,0.0
soybean,Brazil,S2 1-in-10 bad season,-4.297271498401703,0.6105336773751482,-0.027610487978841913,2.517996230758932,0.994142359808876,-0.4229499575879017,-0.0,-1.1333541320848417,-0.000818009944051147,-0.003798034206702594,0.9941349862156408,-0.0007373593235215914,0.04297271498401703,-0.0,-0.0,-0.0,-0.0,-0.0,0.9941423598088761,1.1102230246251565e-14,0.0
soybean,Brazil,S3 standard -10% shock,-10.0,0.6105336773751482,-0.027610487978841913,2.517996230758932,0.994142359808876,-0.9842290805810401,-0.0,-2.637380795014635,-0.001903556580856927,-0.008838245868605713,0.994125201029781,-0.0017158779095027832,0.1,-0.0,-0.0,-0.0,-0.0,-0.0,0.9941423598088761,1.1102230246251565e-14,0.0
soybean,United States of America,S1 observed climate shift,-0.8383154348049762,0.4189851524999284,0.044709033913710394,1.6521136627750845,1.0,-0.11964070545107038,-0.0005935299758987386,-0.2870856619035095,-0.0002563312024542583,-0.0009952691702963578,1.0,0.0,0.008383154348049761,-0.0,-0.0,-0.0,-0.0,-0.0,1.0,0.0,0.0
soybean,United States of America,S2 1-in-10 bad season,-3.9456838005564876,0.4189851524999284,0.044709033913710394,1.6521136627750845,1.0,-0.5631107024711512,-0.0027935565943541835,-1.3512207917396086,-0.0012064693444851374,-0.004684415053559414,1.0,0.0,0.039456838005564876,-0.0,-0.0,-0.0,-0.0,-0.0,1.0,0.0,0.0
soybean,United States of America,S3 standard -10% shock,-10.0,0.4189851524999284,0.044709033913710394,1.6521136627750845,1.0,-1.4271561811205744,-0.0070800315878332375,-3.424554171190901,-0.0030576939396790496,-0.011872251529376827,1.0,0.0,0.1,-0.0,-0.0,-0.0,-0.0,-0.0,1.0,0.0,0.0
soybean,Argentina,S1 observed climate shift,-4.555051199637265,0.46110662161567717,-0.026948791465661648,0.9732489537553172,1.0,-0.08913076566852614,-0.0,-0.2407913844170047,-0.00014246003262568908,-0.0006818157317191476,1.0,0.0,0.0443319881434887,-0.0,-0.0,-0.0,-0.0,-0.0,1.0,0.0,0.0
soybean,Argentina,S2 1-in-10 bad season,-16.900519264897202,0.46110662161567717,-0.026948791465661648,0.9732489537553172,1.0,-0.33070017355588033,-0.0,-0.8934036639335526,-0.0005285667318207252,-0.002529727856834421,1.0,0.0,0.16448412692482783,-0.0,-0.0,-0.0,-0.0,-0.0,1.0,0.0,0.0
soybean,Argentina,S3 standard -10% shock,-10.0,0.46110662161567717,-0.026948791465661648,0.9732489537553172,1.0,-0.19567456382405532,-0.0,-0.5286249788722021,-0.00031275177024801327,-0.0014968343973245418,1.0,0.0,0.09732489537553173,-0.0,-0.0,-0.0,-0.0,-0.0,1.0,0.0,0.0
soybean,"China, mainland",S1 observed climate shift,-2.5509396648441722,0.5257389744527856,0.01377848012262095,0.26865491294023575,1.0,-0.026700619284188556,-0.025047895133362707,-0.08063033750659658,-0.01945998303744369,-0.04666795083887413,1.0,0.0,0.006853224735745052,-0.019550360451641817,-0.01834022549065561,-0.059038037463234945,-0.014248721301762184,-0.034170565511181805,1.0,0.0,0.005017974018275483
soybean,"China, mainland",S2 1-in-10 bad season,-7.568092427186038,0.5257389744527856,0.01377848012262095,0.26865491294023575,1.0,-0.07921502707050064,-0.07431174797594917,-0.23921296732135922,-0.05773360784989121,-0.13845382946662071,1.0,0.0,0.020332052121493225,-0.07203508830116391,-0.06757623553542647,-0.21753104001897858,-0.052500714740782065,-0.12590456886906018,1.0,0.0,0.018489183480454186
soybean,"China, mainland",S3 standard -10% shock,-10.0,0.5257389744527856,0.01377848012262095,0.26865491294023575,1.0,-0.10466974053586486,-0.09819085679900937,-0.31608092742374605,-0.07628554804973184,-0.1829441577236399,1.0,0.0,0.026865491294023575,-0.09747541534728614,-0.09144184843478985,-0.2943555561163165,-0.07104216981024279,-0.17036975221469033,1.0,0.0,0.025018930103266546
soybean,India,S1 observed climate shift,0.793683970356728,0.35389792200017567,0.16408293277826025,0.8157807117182515,0.9778476220746062,-0.0,-0.0,-0.0,-0.0,-0.0,0.9778476220746061,-1.1102230246251565e-14,0.0,-0.0,-0.0,-0.0,-0.0,-0.0,0.9778476220746061,-1.1102230246251565e-14,0.0
soybean,India,S2 1-in-10 bad season,-8.873887920133114,0.35389792200017567,0.16408293277826025,0.8157807117182515,0.9778476220746062,-0.15071421798441378,-0.016555702792833065,-0.674445190923084,-0.012402670449066422,-0.030326444015389576,0.9777936872150649,-0.0053934859541304725,0.07239146603194187,-0.14495770717829834,-0.015923359784294645,-0.6486848407610121,-0.011928951994234752,-0.02916812925902267,0.9777957472503154,-0.0051874824290809585,0.06962648299280677
soybean,India,S3 standard -10% shock,-10.0,0.35389792200017567,0.16408293277826025,0.8157807117182515,0.9778476220746062,-0.16984011894321174,-0.018656650773412883,-0.7600334791167466,-0.013976591276217488,-0.03417492342514808,0.9777868427859486,-0.006077928865755311,0.08157807117182515,-0.1640595038730978,-0.018021659952105796,-0.7341652625227486,-0.013500889217935604,-0.033011758452109796,0.9777889114471939,-0.005871062741225064,0.0788015103065778
soybean,Russian Federation,S1 observed climate shift,-4.40198831312233,0.6922385144519438,-0.006662669287256451,1.0242723337784476,1.0,-0.05743637377553738,-0.0007535500678668753,-0.1787068786883914,-0.0009088654501892833,-0.002766785380900305,1.0,0.0,0.0440198831312233,-0.0,-0.0,-0.0,-0.0,-0.0,1.0,0.0,0.0
soybean,Russian Federation,S2 1-in-10 bad season,-4.8844703932085975,0.6922385144519438,-0.006662669287256451,1.0242723337784476,1.0,-0.06373171558942273,-0.0008361432912767927,-0.198294133451942,-0.0010084820919733302,-0.0030700402445603572,1.0,0.0,0.048844703932085974,-0.0,-0.0,-0.0,-0.0,-0.0,1.0,0.0,0.0
soybean,Russian Federation,S3 standard -10% shock,-10.0,0.6922385144519438,-0.006662669287256451,1.0242723337784476,1.0,-0.1304782513945335,-0.0017118402282453639,-0.4059685441591611,-0.002064670293376188,-0.0062853083290851,1.0,0.0,0.1,-0.0,-0.0,-0.0,-0.0,-0.0,1.0,0.0,0.0
soybean,South Africa,S1 observed climate shift,-7.113997980297166,0.9390857376133148,-0.07188761160842905,1.1303350730789046,0.9643372765894331,-0.303959840709551,-0.029337308620986456,-0.9291651973573801,-0.02167288605079117,-0.06297267012631418,0.9642337890183519,-0.010348757108125106,0.07113997980297165,-0.0,-0.0,-0.0,-0.0,-0.0,0.964337276589433,-1.1102230246251565e-14,0.0
soybean,South Africa,S2 1-in-10 bad season,-6.614903547334772,0.9390857376133148,-0.07188761160842905,1.1303350730789046,0.9643372765894331,-0.28263502943431135,-0.027279100641255997,-0.8639780580599212,-0.020152388462214912,-0.05855471707433597,0.9642410493620786,-0.009622722735458389,0.06614903547334772,-0.0,-0.0,-0.0,-0.0,-0.0,0.964337276589433,-1.1102230246251565e-14,0.0
soybean,South Africa,S3 standard -10% shock,-10.0,0.9390857376133148,-0.07188761160842905,1.1303350730789046,0.9643372765894331,-0.42727006888587005,-0.04123884867867362,-1.3061083232393147,-0.030465128203319862,-0.08851938150772948,0.9641918062486095,-0.014547034082368349,0.1,-0.0,-0.0,-0.0,-0.0,-0.0,0.964337276589433,-1.1102230246251565e-14,0.0
