crop,country,fbs,n,beta_kcal,p_kcal,r_kcal,beta_protein,p_protein,r_protein,beta_zinc,p_zinc,r_zinc,beta_MAR_pts_per_pct,p_MAR
rice,"China, mainland",new,14,-0.30749562886097487,0.4492470943573698,-0.2202610507612751,-0.28517024220854015,0.4771681303275615,-0.20722926561976354,-0.3461198224488849,0.40594791323488943,-0.24129276370759087,-2.269649424576759e-15,0.3235201929630509
rice,"China, mainland",old,53,0.9009644171510087,9.340420231963536e-09,0.6923095447302381,0.9006169859357945,6.421606825648118e-09,0.6976699995571549,0.9016378153087814,1.1920929581816812e-08,0.6887566213702597,,
rice,India,new,14,0.5364256597887092,0.10585330238306999,0.4506407749298704,0.5366748779318418,0.10525794018960442,0.45132633996540866,0.5353597563332908,0.10712203995934723,0.4491886112798048,0.02478977302232115,0.4761820707430155
rice,India,old,53,0.36793651421385476,3.214734513359774e-05,0.538320046552348,0.3686072169184465,3.157012201924464e-05,0.538769171546905,0.36700544376392025,3.2842035139388884e-05,0.5377892715800865,,
rice,Bangladesh,new,14,-0.3560655416521379,0.505164967146842,-0.19452137147980467,-0.36155470417679214,0.4973311261890766,-0.19804343439517783,-0.34404614461521815,0.5182972937993491,-0.1886725783005462,-0.2186836771241259,0.05327639915192408
rice,Bangladesh,old,53,0.3701738148010726,9.341200481779375e-13,0.7970347696068141,0.37007706741876223,9.4429539440521e-13,0.7969385530027531,0.37033436218153204,9.22014315860137e-13,0.7971505460902877,,
rice,Brazil,new,14,0.5127220310345024,0.20076260413835328,0.36398831118353764,0.5141604915856718,0.1994136080351147,0.3650047132413172,0.6449140910835821,0.08539427620924454,0.4759249193188938,-0.027141463922461757,0.16602645166384444
rice,Brazil,old,53,-0.07332744695892965,0.0011278006721762153,-0.4351764374186802,-0.07361579152344104,0.0010729953472883023,-0.4368701507176306,-0.07316353397313322,0.0011555265235443832,-0.4343475300054988,,
rice,United States of America,new,14,-0.4338137978139139,0.38934709451156024,-0.24966037196933033,-0.4160579968795247,0.4031926428431847,-0.24266900883526368,-0.43616067446829454,0.38167831223726534,-0.25358923398623917,-2.396417931892418e-16,0.6309921530290867
rice,United States of America,old,53,-0.0699803100003874,0.8822627942177486,-0.020837970475443345,-0.08511379323731634,0.8568527016285319,-0.025378546902194092,-0.09889531886824957,0.8330327956303756,-0.02965831098019403,,
rice,Nigeria,new,14,-0.22340304197411195,0.5674311567654804,-0.1673483567681382,0.06159059754169838,0.8856744415996842,0.042359221213238325,-0.382999831221732,0.31867480189232744,-0.28763780081157625,-0.03800326818732388,0.026861686550428754
rice,Nigeria,old,53,0.2783725357120294,0.16682436529250627,0.19270806951972266,0.2888668339212606,0.14438045206398298,0.20324825761851212,0.26236271988311766,0.20172144825587282,0.17820483739170653,,
rice,Russian Federation,new,14,-0.8323587628684063,0.21250694425427924,-0.3553164175695339,-0.8119070033010195,0.218129838109272,-0.3512709349597985,-0.9210570490580665,0.18972361469008678,-0.372437402175346,-4.9809094505174726e-17,0.9060805569940453
rice,Russian Federation,old,22,0.20620905447188503,0.6807992046332806,0.09293980082519528,0.20240455655737713,0.6865954686855817,0.0911640512686735,0.2279064634301848,0.6515921920892642,0.10197175104883062,,
wheat,"China, mainland",new,14,-0.785311208944552,0.04397749893959441,-0.5447470603429059,-0.9037599614302926,0.025901573796847772,-0.5914286548275294,-0.8932969354364917,0.027602655936031593,-0.5861496408989504,-3.577434910627484e-16,0.7289633033830208
wheat,"China, mainland",old,53,0.6218326442200659,0.07748917485056786,0.24463617059507262,0.5969865478268519,0.09619030516566351,0.23092074878267022,0.6532920338514976,0.05760879217197168,0.2624673179237908,,
wheat,India,new,14,-0.058724046434632,0.7806877743866631,-0.08192484845232886,-0.05778568128666133,0.7849739697259822,-0.08028836770256954,-0.05796814679446056,0.7833975510396407,-0.08088999459774052,0.017462547852324133,0.28563907484503837
wheat,India,old,53,0.5405826926988535,0.003343281505299222,0.3958850278168824,0.5395417460084899,0.003354217882483459,0.39575959710209263,0.5405354266494488,0.00335198987314232,0.39578512109689745,,
wheat,Russian Federation,new,14,0.0871058866710039,0.30664505202467246,0.2945567111853114,0.08951674275202962,0.30299629904817776,0.2966859775625551,0.08804887859236242,0.30602062235611516,0.29492006432344553,-4.034251956081877e-17,0.8101243272106692
wheat,Russian Federation,old,22,-0.04171902501577962,0.08937946686740568,-0.37076313576424363,-0.0371500339325848,0.11737208417666303,-0.3436493610828832,-0.04076200281596294,0.09530342892448182,-0.364551671408932,,
wheat,United States of America,new,14,-0.036864827277114105,0.5223196778443858,-0.18689452306926274,-0.034915059055097765,0.4889916197155311,-0.20182116921269547,-0.038543659244905125,0.6190306160684782,-0.14576559564325386,-1.940093524146651e-16,0.46597517497886654
wheat,United States of America,old,53,-0.190319208580516,0.052579455173280984,-0.26775497000699316,-0.1861987834866101,0.062383774958094676,-0.25778126345502494,-0.24918506169061239,0.037869346387129396,-0.2860290476723814,,
wheat,Egypt,new,14,-0.02128932643067841,0.6188890188877494,-0.14582383492277964,-0.021508017392180962,0.6157852573313937,-0.1471016946986663,-0.0370977678205847,0.5860700862945553,-0.15946507565104864,-9.993173879959443e-17,0.768583345154913
wheat,Egypt,old,53,-0.3520936470582912,0.022159712852486267,-0.3137301291215793,-0.35209338107952376,0.022247786145266357,-0.3135337957565106,-0.35229803780831676,0.02212428701382084,-0.31380928625535226,,
wheat,Brazil,new,14,0.1864779204410144,0.05004473077695533,0.5323253505836147,0.18882056719292392,0.05030048108122178,0.5318264152908934,0.1868485648268998,0.05099700518594552,0.5304768656212202,0.0074478007025365195,0.25213447002045364
wheat,Brazil,old,53,-0.05411184714847087,0.3806601323880878,-0.12289441556212512,-0.055372311421378245,0.3694837385493151,-0.12578169824470573,-0.057512381526245014,0.35249565414573675,-0.13027330060050804,,
maize,United States of America,new,14,-0.006619900309839585,0.9562039273479004,-0.0161857006966188,-0.018919999736748763,0.8747768516002211,-0.046424811228797054,-0.007244290620698623,0.9522419575861392,-0.017651383256214542,-1.4538763481135768e-16,0.46405960194800483
maize,United States of America,old,53,-0.13363043497062232,0.5916459023975957,-0.07537988553867805,-0.14563319483115567,0.589736860312069,-0.07576728907948395,-0.12808830228404744,0.5986359209609279,-0.07396611240444283,,
maize,"China, mainland",new,14,-0.38449405250102414,0.7569542256378389,-0.09102782116299694,-0.6466370714247635,0.6082396008458749,-0.15021866502535464,0.5596475498055173,0.6854676388143813,0.11894870928721335,-1.2494146738241074e-16,0.8968929378821952
maize,"China, mainland",old,53,0.2922861133429353,0.10048725627143308,0.22806812666571108,0.2955921918807898,0.09621568474958224,0.23090361258174594,0.29054263391172336,0.102220280525742,0.2269443024084596,,
maize,Brazil,new,14,-0.031133197431850758,0.6441331424740897,-0.1355179789724638,-0.044081487597301634,0.535304193989996,-0.1811959647344768,-0.022944196083228948,0.7239117922637298,-0.10383099195634807,-0.009951790538486625,0.2614992718961585
maize,Brazil,old,53,0.1909835796829999,0.0009149098735234641,0.44223147735552415,0.1894888484515429,0.0008302109428383045,0.4454569941895321,0.19199791153029408,0.000991175824515817,0.4395491133092369,,
maize,India,new,14,-1.970403786673081,0.12339322547251402,-0.43152984366699276,-1.8433909535704969,0.1385130722999922,-0.41648556274597515,-2.3054872904873003,0.09258527810456678,-0.4666005515761671,0.04938802274318274,0.04307598206543255
maize,India,old,53,0.39583113074880955,0.0017901876491061841,0.4190381042941143,0.39545023334087726,0.0017946728840657934,0.4189485198781636,0.3958791595913054,0.0017937107119491145,0.4189677206874179,,
maize,South Africa,new,14,-0.21987981960155176,0.24618104186238365,-0.3319980183276951,-0.014487495562503401,0.8732941328197438,-0.046978552418838915,-0.0912030117233651,0.4761516925642702,-0.20769713092853534,-0.0027561857211114856,0.4786003812967404
maize,South Africa,old,53,-0.0042416033230656645,0.8294511990782605,-0.030304038218115174,-0.004241530884508844,0.8294626990273173,-0.030301963903516277,-0.00426055318087202,0.8286818547988885,-0.030442823996290492,,
maize,Russian Federation,new,14,-0.8196921608962126,0.20799244100119563,-0.3586132718776302,-0.7655626379772058,0.2678357176063941,-0.31801902837176965,-0.8218538368948574,0.20327867659768664,-0.3621040671445862,-1.0024686037508496e-16,0.5216897705888098
maize,Russian Federation,old,22,0.3113802348052143,0.2950490227709485,0.2337782066066035,0.3445227704196228,0.28435223685208855,0.23886978175029464,0.31983111989814483,0.28672537108358587,0.23773004367294617,,
soybean,Brazil,new,14,0.001981505357060389,0.9833596440570639,0.006147473940807665,,,,-0.002361276051028636,0.9804981803308904,-0.0072047586799021185,0.0004367218156017511,0.9740234702078397
soybean,Brazil,old,53,-0.646358687343062,0.1844375755105401,-0.18514109403307857,0.20223491933917245,0.7125680126381627,0.05180624666279053,-0.11105563303214346,0.8297859088791494,-0.030243667222920025,,
soybean,United States of America,new,14,-0.22645114204301406,0.0019067675184729833,-0.75233786050625,-0.3099284185845684,0.11473212007721789,-0.44071707082777584,0.19927908428405106,0.4308968307848637,0.2290434036596011,-1.5936900086762824e-16,0.6078217594696257
soybean,United States of America,old,53,-0.3981561594032604,0.03697180258195847,-0.2873230393025166,-0.11777771347726701,0.6029669560000664,-0.07309378434304868,0.41258007648137424,0.16904160628096832,0.1917245400751789,,
soybean,Argentina,new,14,0.031086549295081055,0.5947369653330885,0.1558341124530991,,,,-0.06472626956193665,0.2660628759026267,-0.3191373510324719,0.0037649370516604,0.5374287157535986
soybean,Argentina,old,53,1.5940039131637276,0.0014294803454954496,0.42699575591076505,,,,1.5949454771591312,0.0014183174631741907,0.4272695841865926,,
soybean,"China, mainland",new,14,0.36515525295930745,0.6381435617034771,0.1379495474520848,1.0199795012559916,0.4985332591518839,0.1975013090100751,1.019414219799896,0.501521869340731,0.19615614457506014,6.149774738411951e-16,0.41616028712468234
soybean,"China, mainland",old,53,0.10190468858160986,0.6402749260293323,0.06568750618360267,0.7423160251746286,8.621420851470432e-05,0.5128538511323207,0.6349005756090567,0.0005731554368071528,0.4574773316654639,,
soybean,India,new,14,-0.08855222442051999,0.6886911032909393,-0.11767097900996298,0.2691867232528842,0.3560188958515969,0.26705235249020465,0.245110903687576,0.3581972154216535,0.265889390350973,0.009479969862386138,0.0694202362421187
soybean,India,old,53,-1.8404397136360553,0.2961056888647893,-0.14623087283235922,-0.28152061027396497,0.7700939561047613,-0.04110713998777496,-0.30083669253405415,0.7490209796718912,-0.04499652799746134,,
soybean,Russian Federation,new,14,3.044940958489603,0.04042738815732147,0.5526079119211749,-2.830230096987643,0.002842953924437427,-0.7332810833457545,-1.8488183788359367,0.0011479251863661276,-0.7743870623558055,1.081501600488414e-16,0.6485397290768745
soybean,Russian Federation,old,22,1.557411803803599,0.01913992387506489,0.4951064356990693,1.0066993256515986,0.40626420116525364,0.18638025106060435,-0.21321088693459853,0.9659753588728717,-0.00965798303246184,,
soybean,South Africa,new,14,0.0780929340948106,0.5409356401630913,0.17874338184337424,4.688025432843493,0.1978023870529267,0.3662244189356515,4.291192058372583,0.20163470509491205,0.363333526487709,-0.003192856306345106,0.37392114312049585
soybean,South Africa,old,53,1.829513710544619,0.009568307380858138,0.35279640063850026,0.47557937977273157,0.013055360855787313,0.33888916056578716,0.48250848232786275,0.012759123123162186,0.33993712968926554,,
